축제명,여행나라,여행도시,시작일,종료일,진행일수,예상_참석수,카테고리
Pet Fair Beijing 2025 -  Beijing International Pet Supplies Exhibition,중국,북경 베이징,2025-02-27,2025-03-02,4,238926,엑스포
ESIE 2025,중국,북경 베이징,2025-04-10,2025-04-12,3,200000,컨퍼런스
Beijing Building Materials Exhibition,중국,북경 베이징,2025-03-06,2025-03-09,4,200000,엑스포
CIBE 2025 - China (Beijing) International Beauty Expo,중국,북경 베이징,2025-02-24,2025-02-26,3,200000,엑스포
cippe 2025 - China International Petroleum & Petrochemical Technology and Equipment Exhibition,중국,북경 베이징,2025-03-26,2025-03-28,3,180000,엑스포
Beijing International Exhibition on Equipment of Pipeline and Oil & Gas Storage and Transportation,중국,북경 베이징,2025-03-26,2025-03-28,3,170000,엑스포
China International Machine Tool Show,중국,북경 베이징,2025-04-21,2025-04-26,6,154957,엑스포
CIMT,중국,북경 베이징,2025-04-21,2025-04-26,6,154957,엑스포
Beijing International Tourism Expo,중국,북경 베이징,2025-06-06,2025-06-08,3,130000,엑스포
CIPE,중국,북경 베이징,2025-05-31,2025-05-31,1,123000,엑스포
Beijing International Natural Gas Technology & Equipment Exhibition,중국,북경 베이징,2025-03-26,2025-03-28,3,123000,엑스포
CICEME 2025,중국,북경 베이징,2025-08-07,2025-08-09,3,100000,엑스포
China International Dental Exhibition & Scientific Conference,중국,북경 베이징,2025-06-08,2025-06-11,4,100000,엑스포
Beijing International Robot Exhibition,중국,북경 베이징,2025-05-21,2025-05-23,3,100000,엑스포
International Home Medical and Healthcare Equipment and Supplies Exhibition,중국,북경 베이징,2025-04-25,2025-04-27,3,100000,엑스포
Sino Dental,중국,북경 베이징,2025-06-09,2025-06-12,4,95302,엑스포
Beijing International Baking Exhibition,중국,북경 베이징,2025-04-10,2025-04-12,3,80000,엑스포
Beijing International Motorcycle Exhibition,중국,북경 베이징,2025-04-10,2025-04-13,4,80000,엑스포
China Glass 2025,중국,북경 베이징,2025-05-26,2025-05-29,4,70105,엑스포
CIEPEC 2025 - China International Environmental Protection Exhibition & Conference,중국,북경 베이징,2025-04-10,2025-04-12,3,70065,엑스포
China International Photograph & Electrical Imaging Machinery and Technology Fair,중국,북경 베이징,2025-05-16,2025-05-19,4,68000,엑스포
BJKSE 2025 - Beijing International Preschool Tools & Kindergarten Supplies Exhibition,중국,북경 베이징,2025-05-09,2025-05-11,3,60000,엑스포
"Gifts & Home Beijing 2025 - International Gifts, Premium & Houseware Exhibition (Spring)",중국,북경 베이징,2025-03-20,2025-03-22,3,60000,엑스포
Jingzheng Beijing International Maternity and Infant Child Industry Expo,중국,북경 베이징,2025-03-15,2025-03-17,3,60000,엑스포
AMR 2025 - Auto Maintenance & Repair,중국,북경 베이징,2025-03-31,2025-04-02,3,59100,엑스포
"Beijing International Radio, TV & Film Exhibition",중국,북경 베이징,2025-08-20,2025-08-23,4,58700,엑스포
Chinese Super League - Shandong Taishan vs Beijing Guoan,중국,북경 베이징,2025-04-19,2025-04-19,1,54309,스포츠
Chinese Super League - Chengdu Rongcheng vs Beijing Guoan,중국,북경 베이징,2025-03-29,2025-03-29,1,52982,스포츠
"The China Beijing International Gifts, Premium & Houseware Exhibition",중국,북경 베이징,2025-08-14,2025-08-16,3,50000,엑스포
"The Beijing International Surveying, Mapping, and Geographic Information Technology Equipment Exhibition",중국,북경 베이징,2025-06-26,2025-06-28,3,50000,엑스포
China International Musical Instrument Exhibition,중국,북경 베이징,2025-06-26,2025-06-29,4,50000,엑스포
Universal Tourism Exhibition,중국,북경 베이징,2025-04-24,2025-04-24,1,50000,엑스포
China International Catering Expo,중국,북경 베이징,2025-04-18,2025-04-20,3,50000,엑스포
The China International Tea and Tea Art Expo,중국,북경 베이징,2025-04-18,2025-04-21,4,50000,엑스포
Beijing International Beauty and Cosmetics Expo,중국,북경 베이징,2025-04-01,2025-04-03,3,50000,엑스포
China Attractions Expo 2025,중국,북경 베이징,2025-03-19,2025-03-21,3,50000,엑스포
Beijing International Outdoor Camping Exhibition,중국,북경 베이징,2025-03-15,2025-03-17,3,50000,엑스포
Beijing International Pet Expo,중국,북경 베이징,2025-03-15,2025-03-17,3,50000,엑스포
Universal Tourism Exhibition,중국,북경 베이징,2025-03-13,2025-03-13,1,50000,엑스포
China (Beijing) International Wallcoverings and Home Furnishings Exhibition,중국,북경 베이징,2025-03-20,2025-03-22,3,48900,엑스포
Chinese Super League - Shenzhen Peng City vs Beijing Guoan,중국,북경 베이징,2025-05-10,2025-05-10,1,46232,스포츠
China Beauty Expo - Shanghai,중국,상해 상하이,2025-05-12,2025-05-14,3,514600,엑스포
Pet Fair Asia,중국,상해 상하이,2025-08-20,2025-08-24,5,510000,엑스포
SNEC PV Power Expo,중국,상해 상하이,2025-06-11,2025-06-13,3,500000,엑스포
Shanghai International Film Festival,중국,상해 상하이,2025-06-13,2025-06-22,10,495000,축제
ChinaJoy 2025 - China Digital Entertainment Expo & Conference,중국,상해 상하이,2025-08-01,2025-08-04,4,367000,엑스포
CRS Spring 2025 - China International Rehabilitation and Personal Health Show,중국,상해 상하이,2025-04-08,2025-04-11,4,302963,엑스포
WAIC World Artificial Intelligence Conference,중국,상해 상하이,2025-07-05,2025-07-08,4,300000,엑스포
ICMD 2025 - International Component Manufacturing Design Show (Spring),중국,상해 상하이,2025-04-08,2025-04-11,4,300000,엑스포
Chinese Grand Prix,중국,상해 상하이,2025-03-21,2025-03-23,3,200000,스포츠
APPPEXPO,중국,상해 상하이,2025-03-04,2025-03-07,4,200000,엑스포
AWE,중국,상해 상하이,2025-03-20,2025-03-23,4,192000,엑스포
SIAL CHINA,중국,상해 상하이,2025-05-19,2025-05-21,3,175739,엑스포
Coffee and Food Festival,중국,상해 상하이,2025-03-30,2025-04-02,4,159300,엑스포
KBC - Kitchen & Bath China,중국,상해 상하이,2025-05-27,2025-05-30,4,144997,엑스포
FPD CHINA,중국,상해 상하이,2025-03-26,2025-03-28,3,135816,엑스포
Formula 1 2025 - Chinese Grand Prix 2025 - Race,중국,상해 상하이,2025-03-23,2025-03-23,1,130000,스포츠
Formula 1 2025 - Chinese Grand Prix 2025 - Qualification,중국,상해 상하이,2025-03-22,2025-03-22,1,130000,스포츠
Formula 1 2025 - Chinese Grand Prix 2025 - Practice 1,중국,상해 상하이,2025-03-21,2025-03-21,1,130000,스포츠
Hotel Plus,중국,상해 상하이,2025-03-31,2025-04-03,4,124505,엑스포
China Clean Expo Shanghai,중국,상해 상하이,2025-03-31,2025-04-03,4,121410,엑스포
Shanghai Hospitality Design & Supplies Expo,중국,상해 상하이,2025-03-31,2025-04-03,4,121400,엑스포
China Cycle,중국,상해 상하이,2025-05-05,2025-05-08,4,120100,엑스포
Expo Lighting,중국,상해 상하이,2025-03-31,2025-04-03,4,120000,엑스포
CCF 2025 - China Shanghai International Consumer Goods Fair & Modern Lifestyle Expo (Spring),중국,상해 상하이,2025-03-07,2025-03-09,3,120000,엑스포
CME CHINA MACHINE TOOL EXHIBITION,중국,상해 상하이,2025-03-03,2025-03-06,4,120000,엑스포
Semicon China,중국,상해 상하이,2025-03-26,2025-03-28,3,114670,엑스포
Shanghai International Air Compressor and Pneumatic Technology Exhibition,중국,상해 상하이,2025-07-29,2025-07-31,3,100000,엑스포
CBTC China Lithium Power Exhibition,중국,상해 상하이,2025-07-29,2025-07-31,3,100000,엑스포
CDATF 2025 - China Daily-Use Articles Trade Fair,중국,상해 상하이,2025-07-24,2025-07-26,3,100000,엑스포
"Healthplex Expo 2025, Natural & Nutraceutical Products China 2025",중국,상해 상하이,2025-06-24,2025-06-26,3,100000,엑스포
Shanghai International Petrochemical Technology and Equipment Exhibition,중국,상해 상하이,2025-06-05,2025-06-07,3,100000,엑스포
CTEF 2025 - China International Chemical Equipment Fair,중국,상해 상하이,2025-06-05,2025-06-07,3,100000,엑스포
Flowtech China 2025 - International Pump & Valve Exhibition,중국,상해 상하이,2025-06-04,2025-06-06,3,100000,엑스포
CFA 第16届上海国际餐饮连锁加盟展,중국,상해 상하이,2025-05-17,2025-05-19,3,100000,엑스포
Shanghai International Outdoor Cycling Products Fair,중국,상해 상하이,2025-05-05,2025-05-08,4,100000,엑스포
China (Shanghai) International Titanium Dioxide Exhibition,중국,상해 상하이,2025-04-23,2025-04-25,3,100000,엑스포
SinoPaper,중국,상해 상하이,2025-04-08,2025-04-10,3,100000,엑스포
SinoFoldingCarton (within WEPACK),중국,상해 상하이,2025-04-08,2025-04-10,3,100000,엑스포
China Construction Expo - Shanghai,중국,상해 상하이,2025-03-24,2025-03-26,3,100000,엑스포
CPhI China,중국,상해 상하이,2025-06-24,2025-06-26,3,93244,엑스포
IE Expo China,중국,상해 상하이,2025-04-21,2025-04-23,3,91007,엑스포
AMTS,중국,상해 상하이,2025-07-09,2025-07-11,3,90000,엑스포
International Building Industrialization of Construction Exhibitions Asia,중국,상해 상하이,2025-05-26,2025-05-28,3,90000,엑스포
China International Fertilizer Show,중국,상해 상하이,2025-03-17,2025-03-19,3,90000,엑스포
DMC - DIE & MOULD CHINA,중국,상해 상하이,2025-06-04,2025-06-07,4,88200,엑스포
China International Lubricants and Technology Exhibition,중국,상해 상하이,2025-06-04,2025-06-06,3,84881,엑스포
EDRR 2025 - Yangtze River Delta International Emergency Disaster Reduction & Rescue Expo,중국,상해 상하이,2025-05-13,2025-05-15,3,81612,엑스포
Shanghai International Energy Storage Lithium Battery and Power Battery Conference and Exhibition,중국,상해 상하이,2025-08-13,2025-08-15,3,80000,엑스포
C-Medical Fair 2025,중국,상해 상하이,2025-06-25,2025-06-27,3,80000,엑스포
DOMOTEX Asia / CHINAFLOOR,중국,상해 상하이,2025-05-26,2025-05-28,3,80000,엑스포
ISUE International School Uniform and Garden Uniform Exhibition,중국,상해 상하이,2025-04-10,2025-04-12,3,80000,엑스포
HORTIFLOREXPO IPM,중국,상해 상하이,2025-04-10,2025-04-12,3,80000,엑스포
China Shanghai International IP Licensing Industry Expo,중국,상해 상하이,2025-03-20,2025-03-22,3,80000,엑스포
Shanghai International Fitness Expo,중국,상해 상하이,2025-03-05,2025-03-07,3,80000,엑스포
electronica China,중국,상해 상하이,2025-04-15,2025-04-17,3,75423,엑스포
LuxeHome,중국,상해 상하이,2025-07-17,2025-07-19,3,71000,엑스포
Laboratory Instrument & Equipment,중국,상해 상하이,2025-06-24,2025-06-26,3,70000,엑스포
Automation & Informatization,중국,상해 상하이,2025-06-24,2025-06-26,3,70000,엑스포
Design Shanghai,중국,상해 상하이,2025-06-04,2025-06-07,4,70000,엑스포
Ecotech China Waste,중국,상해 상하이,2025-06-04,2025-06-06,3,70000,엑스포
China Refrigeration Exhibition,중국,상해 상하이,2025-04-27,2025-04-29,3,61100,엑스포
productronica China,중국,상해 상하이,2025-03-26,2025-03-28,3,60657,엑스포
China (Shanghai) International Technology Fair,중국,상해 상하이,2025-06-11,2025-06-13,3,58223,엑스포
CHINA AID,중국,상해 상하이,2025-06-11,2025-06-13,3,57147,엑스포
Shanghai International Transport Packaging Exhibition,중국,상해 상하이,2025-08-13,2025-08-15,3,56319,엑스포
LASER World of PHOTONICS CHINA,중국,상해 상하이,2025-03-11,2025-03-13,3,55020,엑스포
"HCC 2025 - China (Shanghai) Household Cleaning, Washing & Personal Care Exhibition",중국,상해 상하이,2025-03-07,2025-03-09,3,51208,엑스포
China (Shanghai) International Autopilot Technology Exhibition,중국,상해 상하이,2025-08-14,2025-08-16,3,50000,엑스포
Shanghai International New Energy Auto Technology and Ecological Chain Expo,중국,상해 상하이,2025-08-13,2025-08-15,3,50000,엑스포
Shanghai International Automobile Spring and Processing Equipment Exhibition,중국,상해 상하이,2025-08-13,2025-08-15,3,50000,엑스포
Shanghai International Automobile Customization and Modification Technology Exhibition,중국,상해 상하이,2025-08-13,2025-08-15,3,50000,엑스포
Shanghai Villa Design and Technology Exhibition,중국,상해 상하이,2025-08-06,2025-08-08,3,50000,엑스포
Shanghai International Bearing Exhibition,중국,상해 상하이,2025-07-27,2025-07-31,5,50000,엑스포
China Daily Necessities Fair,중국,상해 상하이,2025-07-24,2025-07-26,3,50000,엑스포
Maternity & Children's Portrait Photography Fair,중국,상해 상하이,2025-07-17,2025-07-19,3,50000,엑스포
Shanghai International New Retail Community Group Buying Expo,중국,상해 상하이,2025-07-11,2025-07-13,3,50000,엑스포
China International Motor Exposition & Forum,중국,상해 상하이,2025-07-02,2025-07-04,3,50000,엑스포
Natural Extracts,중국,상해 상하이,2025-06-24,2025-06-26,3,50000,엑스포
FDF China,중국,상해 상하이,2025-06-24,2025-06-26,3,50000,엑스포
EUROGUSS CHINA,중국,상해 상하이,2025-06-17,2025-06-19,3,50000,엑스포
China International Data Center Industry and Exhibition,중국,상해 상하이,2025-06-11,2025-06-13,3,50000,엑스포
Shanghai International Heat Exchanger and Heat Transfer Technology Exhibition,중국,상해 상하이,2025-06-05,2025-06-07,3,50000,엑스포
Shanghai International Petrochemical Safety Protection and Fire Emergency Management Exhibition,중국,상해 상하이,2025-06-05,2025-06-07,3,50000,엑스포
Shanghai International Petroleum and Chemical Automation and Instrumentation Exhibition,중국,상해 상하이,2025-06-05,2025-06-07,3,50000,엑스포
Shanghai International Smart City Security Technology Application Expo,중국,상해 상하이,2025-06-05,2025-06-07,3,50000,엑스포
China International Surface Treatment Exhibition,중국,상해 상하이,2025-06-05,2025-06-07,3,50000,엑스포
Intelligence & Environment China,중국,상해 상하이,2025-06-04,2025-06-06,3,50000,엑스포
Comforteco China,중국,상해 상하이,2025-06-03,2025-06-05,3,50000,엑스포
International Fastener Show China,중국,상해 상하이,2025-05-22,2025-05-24,3,50000,엑스포
China International Organic Pigment and Dye Industry Exhibition,중국,상해 상하이,2025-04-23,2025-04-25,3,50000,엑스포
IOTE International Internet of Things Exhibition - Shanghai,중국,상해 상하이,2025-04-22,2025-04-24,3,50000,엑스포
Shanghai International Carbon Offset Technology Expo,중국,상해 상하이,2025-04-21,2025-04-23,3,50000,엑스포
CIOSH,중국,상해 상하이,2025-04-15,2025-04-17,3,50000,엑스포
"Emergency, Rescue & Safe International (Spring)",중국,상해 상하이,2025-04-08,2025-04-11,4,50000,엑스포
Food Pack & Tech,중국,상해 상하이,2025-04-08,2025-04-10,3,50000,엑스포
International Electronics Circuit Exhibition,중국,상해 상하이,2025-03-24,2025-03-26,3,50000,엑스포
China International Food Additives and Ingredients Exhibition,중국,상해 상하이,2025-03-17,2025-03-19,3,50000,엑스포
China Home Appliances and Consumer Electronics Expo,중국,상해 상하이,2025-03-14,2025-03-17,4,50000,엑스포
Shanghai International Magnetic Materials and Application Industry Chain Exhibition,중국,상해 상하이,2025-03-10,2025-03-12,3,50000,엑스포
Shanghai International Daily Necessities (Spring) Expo,중국,상해 상하이,2025-03-07,2025-03-09,3,50000,엑스포
Shanghai International Smart Port and Equipment Exhibition,중국,상해 상하이,2025-03-07,2025-03-09,3,50000,엑스포
Shanghai International Fashion Yarn Exhibition (Spring and Summer),중국,상해 상하이,2025-02-25,2025-02-27,3,50000,엑스포
Natural Extracts,중국,상해 상하이,2025-06-19,2025-06-19,1,47226,엑스포
Expo 2025,일본,오사카,2025-04-13,2025-10-13,184,28200000,엑스포
JECA FAIR 2025 - 73rd Electrical Construction Technology Fair,일본,오사카,2025-05-28,2025-05-30,3,102576,엑스포
Barrier Free 2025,일본,오사카,2025-04-16,2025-04-18,3,90000,엑스포
Osaka Motorcycle Show,일본,오사카,2025-03-21,2025-03-23,3,72884,엑스포
Architecture and Construction Materials Exhibition,일본,오사카,2025-03-04,2025-03-07,4,72000,엑스포
EDIX OSAKA (Education Expo Japan),일본,오사카,2025-06-11,2025-06-13,3,50000,엑스포
Callcenter / CRM Demo & Conference 2025 Osaka (18th),일본,오사카,2025-05-28,2025-05-29,2,50000,엑스포
6th Clinics Expo OSAKA,일본,오사카,2025-03-05,2025-03-07,3,50000,엑스포
2nd Japan Wellness & Health Expo OSAKA,일본,오사카,2025-03-05,2025-03-07,3,50000,엑스포
11th Hospital Expo OSAKA,일본,오사카,2025-03-05,2025-03-07,3,50000,엑스포
Next Generation Pharmacy Expo,일본,오사카,2025-03-05,2025-03-07,3,50000,엑스포
Care & Nursing EXPO [Tokyo] (Nursing Care Tokyo),일본,오사카,2025-03-05,2025-03-07,3,50000,엑스포
Medical Japan Osaka,일본,오사카,2025-03-05,2025-03-07,3,50000,엑스포
6th Pharmacy Solutions Expo OSAKA,일본,오사카,2025-03-05,2025-03-07,3,50000,엑스포
5th Infection Prevention Expo OSAKA,일본,오사카,2025-03-05,2025-03-07,3,50000,엑스포
Sewage Works Exhibition,일본,오사카,2025-07-29,2025-08-01,4,49031,엑스포
Nursing Next 2025,일본,오사카,2025-04-16,2025-04-18,3,47795,엑스포
BARRIER FREE / Post-Acute Medicine Fair / Nursing Next / Home Medical Care,일본,오사카,2025-04-16,2025-04-18,3,47795,엑스포
Post-Acute Medicine Fair 2025,일본,오사카,2025-04-16,2025-04-18,3,47795,엑스포
VIETBUILD 2025 International Construction Show,베트남,호치민,2025-06-25,2025-06-29,5,300000,엑스포
"Ho Chi Minh City International Maternity, Baby & Kids Fair",베트남,호치민,2025-06-05,2025-06-08,4,50000,엑스포
Bangkok International Motor Show,태국,방콕,2025-03-24,2025-04-06,14,1620459,엑스포
Automotive Manufacturing 2025,태국,방콕,2025-06-18,2025-06-21,4,95000,엑스포
Manufacturing Expo 2025,태국,방콕,2025-06-18,2025-06-21,4,95000,엑스포
FacTech Thailand 2025,태국,방콕,2025-06-18,2025-06-21,4,90000,엑스포
"Surface & Coatings 2025 - Technology & Solutions Exhibition for Surface Treatment, Paints, and Coatings",태국,방콕,2025-06-18,2025-06-21,4,90000,엑스포
InterPlas Thailand 2025,태국,방콕,2025-06-18,2025-06-21,4,85000,엑스포
Intermold Thailand (Part of Manufacturing Expo),태국,방콕,2025-06-18,2025-06-21,4,85000,엑스포
Assembly & Automation Technology 2025,태국,방콕,2025-06-18,2025-06-21,4,83600,엑스포
NEPCON Thailand 2025,태국,방콕,2025-06-18,2025-06-21,4,83600,엑스포
ProPak Asia,태국,방콕,2025-06-11,2025-06-14,4,68218,엑스포
IMI Show,태국,방콕,2025-03-06,2025-03-09,4,60000,엑스포
VIV Asia,태국,방콕,2025-03-12,2025-03-14,3,50000,엑스포
PharmaTechAsia,태국,방콕,2025-06-11,2025-06-14,4,48800,엑스포
Lab & Test Asia,태국,방콕,2025-06-11,2025-06-14,4,48800,엑스포
Songkran Festival,태국,푸켓,2025-04-13,2025-04-15,3,5000000,축제
"TCFB 2025 - Taichung International Tea, Coffee and Bakery Show",대만,타이중,2025-07-11,2025-07-14,4,49424,엑스포
CREATIVE EXPO TAIWAN 2025,대만,타이페이,2025-08-05,2025-08-11,7,370000,엑스포
Automation Taipei,대만,타이페이,2025-08-20,2025-08-23,4,314756,엑스포
Taipei International Tourism Exposition,대만,타이페이,2025-05-23,2025-05-26,4,309900,엑스포
Taipei Pets Show,대만,타이페이,2025-07-04,2025-07-07,4,180000,엑스포
Taipei International Bakery Show,대만,타이페이,2025-03-14,2025-03-17,4,170300,엑스포
Taipei International Smart Machinery & Mechanical Components Expo,대만,타이페이,2025-08-20,2025-08-23,4,129588,엑스포
BIO Asia-Taiwan,대만,타이페이,2025-07-23,2025-07-27,5,120000,엑스포
Taiwan Culinary Exhibition,대만,타이페이,2025-08-01,2025-08-04,4,99375,엑스포
InnoVEX 2025,대만,타이페이,2025-05-20,2025-05-23,4,85179,엑스포
ATLife Taiwan Assistive Technology for Life,대만,타이페이,2025-04-10,2025-04-13,4,85000,엑스포
Taiwan International Festival of Arts,대만,타이페이,2025-02-21,2025-05-18,87,68479,축제
Taipei International Wine Fair. Pure Wine Show,대만,타이페이,2025-04-18,2025-04-21,4,60000,엑스포
Taipei International Cold Chain Technology Exhibition,대만,타이페이,2025-08-20,2025-08-23,4,50000,엑스포
Illustration Taipei,대만,타이페이,2025-04-03,2025-04-06,4,50000,엑스포
"Taiwan International Hotel, Restaurant & Catering Show",대만,타이페이,2025-06-25,2025-06-28,4,48000,엑스포
Food Taipei Mega Show,대만,타이페이,2025-06-25,2025-06-28,4,47812,엑스포
HomeTech SmartHome Expo,말레이시아,쿠알라룸푸르,2025-04-11,2025-04-13,3,1000000,엑스포
TCE Baby Expo,말레이시아,쿠알라룸푸르,2025-04-17,2025-04-20,4,180000,엑스포
Matta Fair,말레이시아,쿠알라룸푸르,2025-04-18,2025-04-20,3,170000,엑스포
Tastefully Food Expo,말레이시아,쿠알라룸푸르,2025-08-08,2025-08-10,3,115000,엑스포
HOMElove Home Expo,말레이시아,쿠알라룸푸르,2025-04-24,2025-04-27,4,100000,엑스포
BIG Home Expo,말레이시아,쿠알라룸푸르,2025-04-03,2025-04-06,4,100000,엑스포
KLPJ Wedding Fair,말레이시아,쿠알라룸푸르,2025-05-23,2025-05-25,3,70000,엑스포
HOMEDEC Kuala Lumpur,말레이시아,쿠알라룸푸르,2025-03-13,2025-03-16,4,60000,엑스포
Malaysia Cup - Final - Sri Pahang vs Johor Darul Ta'zim,말레이시아,쿠알라룸푸르,2025-04-26,2025-04-26,1,51560,스포츠
Print Technology,말레이시아,쿠알라룸푸르,2025-08-13,2025-08-16,4,50000,엑스포
Japan Expo Malaysia,말레이시아,쿠알라룸푸르,2025-07-18,2025-07-19,2,50000,엑스포
Early Childhood Education Expo,말레이시아,쿠알라룸푸르,2025-03-15,2025-03-16,2,50000,엑스포
Automobile Barcelona,스페인,바르셀로나,2025-05-10,2025-05-18,9,300000,엑스포
Primavera Sound,스페인,바르셀로나,2025-06-05,2025-06-07,3,268000,축제
Sónar,스페인,바르셀로나,2025-06-12,2025-06-14,3,120000,축제
Mobile World Congress,스페인,바르셀로나,2025-03-03,2025-03-06,4,101000,엑스포
4YFN 2025 Barcelona,스페인,바르셀로나,2025-03-03,2025-03-06,4,101000,엑스포
SALó DE L' ENSENYAMENT,스페인,바르셀로나,2025-03-26,2025-03-30,5,100000,엑스포
"Barcelona Open Banc Sabadell, Trofeo Conde de Godó",스페인,바르셀로나,2025-04-12,2025-04-20,9,90000,스포츠
Feast of Sant Joan - Barcelona,스페인,바르셀로나,2025-06-23,2025-06-24,2,60000,축제
Guns N' Roses:,스페인,바르셀로나,2025-06-09,2025-06-09,1,55926,축제
Primera División - Real Madrid vs Barcelona,스페인,바르셀로나,2025-05-11,2025-05-11,1,50319,스포츠
UEFA Champions League - Semi-finals - Internazionale vs Barcelona,스페인,바르셀로나,2025-04-30,2025-04-30,1,50314,스포츠
Erospain,스페인,바르셀로나,2025-05-25,2025-05-27,3,50000,엑스포
MOTOh! Barcelona,스페인,바르셀로나,2025-05-09,2025-05-18,10,50000,엑스포
UEFA Champions League - Quarter-finals - Borussia Dortmund vs Barcelona,스페인,바르셀로나,2025-04-09,2025-04-09,1,49760,스포츠
Primera División - Villarreal vs Barcelona,스페인,바르셀로나,2025-05-18,2025-05-18,1,49558,스포츠
Seafood Expo Global,스페인,바르셀로나,2025-05-06,2025-05-08,3,49000,엑스포
Primera División - Celta de Vigo vs Barcelona,스페인,바르셀로나,2025-04-19,2025-04-19,1,48569,스포츠
Primera División - Girona vs Barcelona,스페인,바르셀로나,2025-03-30,2025-03-30,1,48258,스포츠
UEFA Champions League - 8th Finals - Benfica vs Barcelona,스페인,바르셀로나,2025-03-11,2025-03-11,1,47111,스포츠
Primera División - Real Betis vs Barcelona,스페인,바르셀로나,2025-04-05,2025-04-05,1,47043,스포츠
Primera División - Real Sociedad vs Barcelona,스페인,바르셀로나,2025-03-02,2025-03-02,1,46324,스포츠
FIA Lisbon,포르투갈,리스본,2025-06-28,2025-07-06,9,110000,엑스포
Meo Kalorama,포르투갈,리스본,2025-06-19,2025-06-21,3,105000,축제
World Superbike,포르투갈,리스본,2025-03-28,2025-03-30,3,100000,스포츠
Futuralia Lisbon,포르투갈,리스본,2025-03-26,2025-03-29,4,85000,엑스포
BTL,포르투갈,리스본,2025-03-12,2025-03-16,5,79000,엑스포
Primeira Liga - Sporting CP vs Benfica,포르투갈,리스본,2025-05-10,2025-05-10,1,63478,스포츠
UEFA Champions League - 8th Finals - Barcelona vs Benfica,포르투갈,리스본,2025-03-05,2025-03-05,1,62437,스포츠
Primeira Liga - Arouca vs Benfica,포르투갈,리스본,2025-04-13,2025-04-13,1,61581,스포츠
Primeira Liga - AVS vs Benfica,포르투갈,리스본,2025-04-27,2025-04-27,1,58102,스포츠
Taça de Portugal - Quarter-finals - Sporting Braga vs Benfica,포르투갈,리스본,2025-02-26,2025-02-26,1,56927,스포츠
Primeira Liga - Nacional vs Benfica,포르투갈,리스본,2025-03-08,2025-03-08,1,52543,스포츠
Primeira Liga - Farense vs Benfica,포르투갈,리스본,2025-04-02,2025-04-02,1,51790,스포츠
Primeira Liga - Vitória Guimarães vs Sporting CP,포르투갈,리스본,2025-05-17,2025-05-17,1,49155,스포츠
Taça de Portugal - Semi-finals - Tirsense vs Benfica,포르투갈,리스본,2025-04-23,2025-04-23,1,48601,스포츠
UEFA Nations League - Quarter-finals - Denmark vs Portugal,포르투갈,리스본,2025-03-23,2025-03-23,1,47123,스포츠
Festival da Comida Continente,포르투갈,포르토,2025-07-12,2025-07-13,2,500000,축제
Serralves em Festa,포르투갈,포르토,2025-05-30,2025-06-01,3,264000,축제
Festa de São João do Porto,포르투갈,포르토,2025-06-23,2025-06-24,2,200000,축제
Queima das Fitas,포르투갈,포르토,2025-05-03,2025-05-10,8,150000,축제
Primavera Sound,포르투갈,포르토,2025-06-12,2025-06-14,3,130000,축제
Mares Vivas,포르투갈,포르토,2025-07-18,2025-07-20,3,100000,축제
Primeira Liga - Benfica vs Porto,포르투갈,포르토,2025-04-06,2025-04-06,1,49193,스포츠
Carnival of Cultures,독일,베를린,2025-06-06,2025-06-09,4,1100000,축제
Pride Month Berlin,독일,베를린,2025-06-28,2025-07-27,30,600000,축제
CSD Berlin Pride,독일,베를린,2025-07-26,2025-07-26,1,500000,축제
Lesbian and Gay City Festival,독일,베를린,2025-07-19,2025-07-20,2,350000,축제
Rave The Planet Parade,독일,베를린,2025-07-12,2025-07-12,1,300000,축제
Berlin Fashion Week - Spring/Summer,독일,베를린,2025-07-14,2025-07-17,4,200000,엑스포
ITB Berlin,독일,베를린,2025-03-04,2025-03-06,3,113500,엑스포
Lollapalooza Berlin,독일,베를린,2025-07-12,2025-07-13,2,100000,축제
Lollapalooza Berlin at Olympiastadion Berlin,독일,베를린,2025-07-13,2025-07-13,1,74649,축제
AC/DC and The Pretty Reckless,독일,베를린,2025-06-30,2025-06-30,1,74649,콘서트
Oberliga - Nordost-Nord - BAK 07 vs Tennis Borussia,독일,베를린,2025-03-08,2025-03-08,1,70159,스포츠
2. Bundesliga - Hannover 96 vs Hertha BSC,독일,베를린,2025-05-18,2025-05-18,1,66957,스포츠
DFB Pokal Final Berlin,독일,베를린,2025-05-24,2025-05-24,1,64812,스포츠
"Bruce Springsteen & The E Street Band, Bruce Springsteen, and Linkin Park",독일,베를린,2025-06-11,2025-06-11,1,64281,콘서트
2. Bundesliga - Karlsruher SC vs Hertha BSC,독일,베를린,2025-03-29,2025-03-29,1,63612,스포츠
2. Bundesliga - Magdeburg vs Hertha BSC,독일,베를린,2025-04-25,2025-04-25,1,62057,스포츠
Linkin Park,독일,베를린,2025-06-18,2025-06-18,1,53903,콘서트
Desertfest Berlin,독일,베를린,2025-05-23,2025-05-25,3,50000,축제
GENERALI Berlin Half Marathon,독일,베를린,2025-04-06,2025-04-06,1,49999,스포츠
2. Bundesliga - Greuther Fürth vs Hertha BSC,독일,베를린,2025-05-04,2025-05-04,1,48047,스포츠
2. Bundesliga - Darmstadt 98 vs Hertha BSC,독일,베를린,2025-04-12,2025-04-12,1,46763,스포츠
ISH Frankfurt,독일,프랑크푸르트,2025-03-17,2025-03-21,5,150000,엑스포
Frankfurter Automobil Ausstellung,독일,프랑크푸르트,2025-05-25,2025-05-25,1,100000,엑스포
AK Safety Equipment Industrial Valves,독일,프랑크푸르트,2025-02-26,2025-02-26,1,100000,엑스포
Bundesliga - St. Pauli vs Eintracht Frankfurt,독일,프랑크푸르트,2025-05-11,2025-05-11,1,58000,스포츠
Bundesliga - Stuttgart vs Eintracht Frankfurt,독일,프랑크푸르트,2025-03-29,2025-03-29,1,58000,스포츠
Bundesliga - Union Berlin vs Eintracht Frankfurt,독일,프랑크푸르트,2025-03-09,2025-03-09,1,58000,스포츠
Bundesliga - Bayer Leverkusen vs Eintracht Frankfurt,독일,프랑크푸르트,2025-03-01,2025-03-01,1,58000,스포츠
UEFA Europa League - Quarter-finals - Tottenham Hotspur vs Eintracht Frankfurt,독일,프랑크푸르트,2025-04-17,2025-04-17,1,57500,스포츠
Bundesliga - Heidenheim vs Eintracht Frankfurt,독일,프랑크푸르트,2025-04-13,2025-04-13,1,57500,스포츠
UEFA Europa League - 8th Finals - Ajax vs Eintracht Frankfurt,독일,프랑크푸르트,2025-03-13,2025-03-13,1,57500,스포츠
Bundesliga - RB Leipzig vs Eintracht Frankfurt,독일,프랑크푸르트,2025-04-26,2025-04-26,1,56500,스포츠
EUROBIKE,독일,프랑크푸르트,2025-06-25,2025-06-29,5,55550,엑스포
World Club Dome 2025 (Mainstage),독일,프랑크푸르트,2025-06-06,2025-06-08,3,51500,축제
IFFA,독일,프랑크푸르트,2025-05-03,2025-05-08,6,50000,엑스포
Paperworld Frankfurt,독일,프랑크푸르트,2025-03-01,2025-03-01,1,50000,엑스포
London Pride Parade,영국,런던,2025-07-05,2025-07-05,1,1000000,축제
TCS London Marathon,영국,런던,2025-04-27,2025-04-27,1,800000,스포츠
BST Hyde Park,영국,런던,2025-06-27,2025-07-13,17,600000,축제
Wimbledon Tennis Championships,영국,런던,2025-06-30,2025-07-13,14,526455,스포츠
BBC Proms,영국,런던,2025-07-18,2025-09-13,58,300000,축제
The Gemini Boat Race,영국,런던,2025-04-13,2025-04-13,1,250000,스포츠
Ideal Home Show,영국,런던,2025-03-21,2025-04-06,17,229223,엑스포
Chelsea Flower Show,영국,런던,2025-05-20,2025-05-24,5,157000,엑스포
Wireless Festival,영국,런던,2025-07-11,2025-07-11,1,135000,축제
Grand Designs Live London,영국,런던,2025-05-02,2025-05-05,4,111000,엑스포
London Games Festival,영국,런던,2025-04-02,2025-04-13,12,100000,축제
Oasis at Wembley Stadium,영국,런던,2025-08-03,2025-08-03,1,90000,콘서트
Oasis at Wembley Stadium,영국,런던,2025-08-02,2025-08-02,1,90000,콘서트
Oasis at Wembley Stadium,영국,런던,2025-07-30,2025-07-30,1,90000,콘서트
Oasis at Wembley Stadium,영국,런던,2025-07-26,2025-07-26,1,90000,콘서트
Oasis at Wembley Stadium,영국,런던,2025-07-25,2025-07-25,1,90000,콘서트
Usyk v Dubois,영국,런던,2025-07-19,2025-07-19,1,90000,스포츠
League Cup - Final - Newcastle United vs Liverpool,영국,런던,2025-03-16,2025-03-16,1,88513,스포츠
RideLondon,영국,런던,2025-05-25,2025-05-25,1,85000,스포츠
FA Cup - Final - Manchester City vs Crystal Palace,영국,런던,2025-05-17,2025-05-17,1,84163,스포츠
Championship - Promotion Play-offs - Final - Sunderland vs Sheffield United,영국,런던,2025-05-24,2025-05-24,1,82718,스포츠
UEFA World Cup Qualifiers - Group Stage - Albania vs England,영국,런던,2025-03-21,2025-03-21,1,82378,스포츠
FA Cup - Semi-finals - Aston Villa vs Crystal Palace,영국,런던,2025-04-26,2025-04-26,1,82301,스포츠
Capital s Summertime Ball at Wembley Stadium,영국,런던,2025-06-15,2025-06-15,1,80000,축제
UEFA World Cup Qualifiers - Group Stage - Latvia vs England,영국,런던,2025-03-24,2025-03-24,1,79572,스포츠
League One - Promotion Play-offs - Final - Leyton Orient vs Charlton Athletic,영국,런던,2025-05-25,2025-05-25,1,76193,스포츠
FA Cup - Semi-finals - Manchester City vs Nottingham Forest,영국,런던,2025-04-27,2025-04-27,1,72976,스포츠
EFL Trophy - Final - Peterborough United vs Birmingham City,영국,런던,2025-04-13,2025-04-13,1,71722,스포츠
Guns N' Roses,영국,런던,2025-06-26,2025-06-26,1,69804,콘서트
Neil Young and The Chrome Hearts - BST Hyde Park,영국,런던,2025-07-11,2025-07-11,1,65000,축제
American Express Presents BST Hyde Park - Noah Kahan,영국,런던,2025-07-04,2025-07-04,1,65000,축제
Zach Bryan - BST Hyde Park,영국,런던,2025-06-29,2025-06-29,1,65000,축제
Zach Bryan - BST Hyde Park,영국,런던,2025-06-28,2025-06-28,1,65000,축제
Olivia Rodrigo - BST Hyde Park,영국,런던,2025-06-27,2025-06-27,1,65000,축제
The Betfred Challenge Cup,영국,런던,2025-06-07,2025-06-07,1,64845,스포츠
Beyonce,영국,런던,2025-06-16,2025-06-16,1,62850,콘서트
Beyonce,영국,런던,2025-06-14,2025-06-14,1,62850,콘서트
Beyonce,영국,런던,2025-06-12,2025-06-12,1,62850,콘서트
Beyonce,영국,런던,2025-06-10,2025-06-10,1,62850,콘서트
Beyonce,영국,런던,2025-06-07,2025-06-07,1,62850,콘서트
Beyonce,영국,런던,2025-06-05,2025-06-05,1,62850,콘서트
Chris Eubank Jnr v Conor Benn,영국,런던,2025-04-26,2025-04-26,1,62850,스포츠
Premier League - Tottenham Hotspur vs West Ham United,영국,런던,2025-05-04,2025-05-04,1,62468,스포츠
Premier League - Nottingham Forest vs West Ham United,영국,런던,2025-05-18,2025-05-18,1,62466,스포츠
Premier League - Newcastle United vs West Ham United,영국,런던,2025-03-10,2025-03-10,1,62463,스포츠
Premier League - Southampton vs West Ham United,영국,런던,2025-04-19,2025-04-19,1,62461,스포츠
Premier League - AFC Bournemouth vs West Ham United,영국,런던,2025-04-05,2025-04-05,1,62459,스포츠
Premier League - Leicester City vs West Ham United,영국,런던,2025-02-27,2025-02-27,1,62455,스포츠
Premier League - Brighton & Hove Albion vs Tottenham Hotspur,영국,런던,2025-05-25,2025-05-25,1,61449,스포츠
UEFA Europa League - Semi-finals - Bodø / Glimt vs Tottenham Hotspur,영국,런던,2025-05-01,2025-05-01,1,61327,스포츠
Premier League - AFC Bournemouth vs Tottenham Hotspur,영국,런던,2025-03-09,2025-03-09,1,61178,스포츠
Premier League - Southampton vs Tottenham Hotspur,영국,런던,2025-04-06,2025-04-06,1,60984,스포츠
Premier League - Manchester City vs Tottenham Hotspur,영국,런던,2025-02-26,2025-02-26,1,60820,스포츠
Premier League - Chelsea vs Arsenal,영국,런던,2025-03-16,2025-03-16,1,60311,스포츠
Premier League - Fulham vs Arsenal,영국,런던,2025-04-01,2025-04-01,1,60256,스포츠
Premier League - Crystal Palace vs Tottenham Hotspur,영국,런던,2025-05-11,2025-05-11,1,60254,스포츠
Premier League - Brentford vs Arsenal,영국,런던,2025-04-12,2025-04-12,1,60184,스포츠
Premier League - Crystal Palace vs Arsenal,영국,런던,2025-04-23,2025-04-23,1,60167,스포츠
Premier League - Newcastle United vs Arsenal,영국,런던,2025-05-18,2025-05-18,1,60160,스포츠
Premier League - AFC Bournemouth vs Arsenal,영국,런던,2025-05-03,2025-05-03,1,60110,스포츠
UEFA Champions League - Quarter-finals - Real Madrid vs Arsenal,영국,런던,2025-04-08,2025-04-08,1,60110,스포츠
Great Exhibition Road Festival,영국,런던,2025-06-07,2025-06-08,2,60000,축제
UEFA Champions League - Semi-finals - PSG vs Arsenal,영국,런던,2025-04-29,2025-04-29,1,59664,스포츠
UEFA Champions League - 8th Finals - PSV vs Arsenal,영국,런던,2025-03-12,2025-03-12,1,59410,스포츠
Premier League - Nottingham Forest vs Tottenham Hotspur,영국,런던,2025-04-21,2025-04-21,1,59314,스포츠
Iron Maiden and Halestorm,영국,런던,2025-06-28,2025-06-28,1,58368,콘서트
UEFA Europa League - 8th Finals - AZ vs Tottenham Hotspur,영국,런던,2025-03-13,2025-03-13,1,58302,스포츠
UEFA Europa League - Quarter-finals - Eintracht Frankfurt vs Tottenham Hotspur,영국,런던,2025-04-10,2025-04-10,1,57849,스포츠
Lana Del Rey,영국,런던,2025-07-04,2025-07-04,1,57826,콘서트
Lana Del Rey,영국,런던,2025-07-03,2025-07-03,1,57826,콘서트
Dua Lipa,영국,런던,2025-06-20,2025-06-20,1,57333,콘서트
Dua Lipa,영국,런던,2025-06-21,2025-06-21,1,57204,콘서트
Linkin Park,영국,런던,2025-06-28,2025-06-28,1,57010,콘서트
"Sam Fender, The War on Drugs, and CMAT",영국,런던,2025-06-06,2025-06-06,1,55845,콘서트
BLACKPINK,영국,런던,2025-08-16,2025-08-16,1,55694,콘서트
BLACKPINK,영국,런던,2025-08-15,2025-08-15,1,55159,콘서트
Taste of London,영국,런던,2025-06-18,2025-06-22,5,55000,축제
London Tech Week 2025,영국,런던,2025-06-09,2025-06-13,5,55000,엑스포
National League - Promotion Play-offs - Final - Southend United vs Oldham Athletic,영국,런던,2025-06-01,2025-06-01,1,54730,스포츠
Saracens FC vs Harlequins FC,영국,런던,2025-03-22,2025-03-22,1,54588,스포츠
League Two - Promotion Play-offs - Final - Walsall vs AFC Wimbledon,영국,런던,2025-05-26,2025-05-26,1,50947,스포츠
Experience Africa,영국,런던,2025-06-23,2025-06-25,3,50000,엑스포
Lucas Button,영국,런던,2025-03-02,2025-03-02,1,49000,콘서트
Edinburgh Festival Fringe,영국,에든버러 에딘버러,2025-08-01,2025-08-25,25,420000,축제
Edinburgh Art Festival,영국,에든버러 에딘버러,2025-08-07,2025-08-24,18,200000,축제
Royal Edinburgh Military Tattoo,영국,에든버러 에딘버러,2025-08-01,2025-08-23,23,200000,축제
Edinburgh Marathon Festival,영국,에든버러 에딘버러,2025-05-24,2025-05-25,2,135000,스포츠
Oasis and Richard Ashcroft,영국,에든버러 에딘버러,2025-08-12,2025-08-12,1,67144,콘서트
Oasis and Richard Ashcroft,영국,에든버러 에딘버러,2025-08-09,2025-08-09,1,67144,콘서트
Oasis and Richard Ashcroft,영국,에든버러 에딘버러,2025-08-08,2025-08-08,1,67144,콘서트
Billy Joel,영국,에든버러 에딘버러,2025-06-07,2025-06-07,1,67144,콘서트
Scotland vs Wales,영국,에든버러 에딘버러,2025-03-08,2025-03-08,1,67144,스포츠
"Robbie Williams, Rag'n'Bone Man, and The Lottery Winners",영국,에든버러 에딘버러,2025-05-31,2025-05-31,1,48598,콘서트
Edinburgh Rugby vs Bulls,영국,에든버러 에딘버러,2025-04-12,2025-04-12,1,47373,스포츠
Edinburgh Rugby vs Bath Rugby,영국,에든버러 에딘버러,2025-05-03,2025-05-03,1,45975,스포츠
Run Rome the Marathon,이탈리아,로마,2025-03-15,2025-03-15,1,500000,스포츠
Rock in Roma,이탈리아,로마,2025-06-17,2025-08-01,46,370000,축제
Internazionali BNL d'Italia,이탈리아,로마,2025-04-29,2025-05-18,20,298138,스포츠
Rome Pride Parade,이탈리아,로마,2025-06-14,2025-06-14,1,200000,축제
Primo Maggio Roma,이탈리아,로마,2025-05-01,2025-05-01,1,200000,축제
Vasco Live,이탈리아,로마,2025-06-27,2025-06-27,1,72698,축제
Ed Sheeran at Stadio Olimpico,이탈리아,로마,2025-06-14,2025-06-14,1,72698,콘서트
Italy vs Ireland,이탈리아,로마,2025-03-15,2025-03-15,1,68981,스포츠
Coppa Italia - Final - Bologna vs Milan,이탈리아,로마,2025-05-14,2025-05-14,1,68500,스포츠
Serie A - Milan vs Roma,이탈리아,로마,2025-05-18,2025-05-18,1,68143,스포츠
Serie A - Juventus vs Roma,이탈리아,로마,2025-04-06,2025-04-06,1,65788,스포츠
Serie A - Fiorentina vs Roma,이탈리아,로마,2025-05-04,2025-05-04,1,63640,스포츠
Serie A - Roma vs Lazio,이탈리아,로마,2025-04-13,2025-04-13,1,63000,스포츠
Serie A - Cagliari vs Roma,이탈리아,로마,2025-03-16,2025-03-16,1,62911,스포츠
Vasco Rossi,이탈리아,로마,2025-06-28,2025-06-28,1,62810,콘서트
Serie A - Hellas Verona vs Roma,이탈리아,로마,2025-04-19,2025-04-19,1,62714,스포츠
UEFA Europa League - 8th Finals - Athletic Club vs Roma,이탈리아,로마,2025-03-06,2025-03-06,1,62540,스포츠
Serie A - Como vs Roma,이탈리아,로마,2025-03-02,2025-03-02,1,62125,스포츠
Serie A - Juventus vs Lazio,이탈리아,로마,2025-05-10,2025-05-10,1,56000,스포츠
Cesare Cremonini,이탈리아,로마,2025-07-18,2025-07-18,1,55253,콘서트
UEFA Europa League - Quarter-finals - Bodø / Glimt vs Lazio,이탈리아,로마,2025-04-17,2025-04-17,1,54873,스포츠
Cesare Cremonini,이탈리아,로마,2025-07-17,2025-07-17,1,54232,콘서트
Serie A - Lecce vs Lazio,이탈리아,로마,2025-05-25,2025-05-25,1,53000,스포츠
Pinguini Tattici Nucleari,이탈리아,로마,2025-07-04,2025-07-04,1,49346,콘서트
Marco negli Stadi,이탈리아,로마,2025-07-02,2025-07-02,1,49220,콘서트
Gazzelle - Stadi 2025,이탈리아,로마,2025-06-07,2025-06-07,1,48191,공연예술
SZA and Kendrick Lamar,이탈리아,로마,2025-08-02,2025-08-02,1,47670,콘서트
Marracash,이탈리아,로마,2025-06-30,2025-06-30,1,47638,콘서트
Zucchero,이탈리아,로마,2025-06-24,2025-06-24,1,46649,콘서트
Zucchero,이탈리아,로마,2025-06-23,2025-06-23,1,46649,콘서트
Venice Carnival,이탈리아,베니스,2025-02-22,2025-03-04,11,300000,축제
Festa del Redentore,이탈리아,베니스,2025-07-19,2025-07-20,2,100000,축제
Biennale Architettura,이탈리아,베니스,2025-08-17,2025-10-04,49,71250,엑스포
Biennale Architettura,이탈리아,베니스,2025-06-29,2025-08-16,49,71250,엑스포
Biennale Architettura,이탈리아,베니스,2025-05-10,2025-06-28,50,71250,엑스포
EJEKT FESTIVAL,그리스,아테나,2025-07-04,2025-07-06,3,55000,축제
Street Parade,스위스,취리히,2025-08-09,2025-08-09,1,1000000,축제
Zürcher Theater Spektakel,스위스,취리히,2025-08-14,2025-08-31,18,150000,축제
Giardina,스위스,취리히,2025-03-12,2025-03-16,5,65000,엑스포
"Ed Sheeran, Myles Smith, and Tori Kelly",스위스,취리히,2025-08-03,2025-08-03,1,50044,콘서트
"Ed Sheeran, Myles Smith, and Tori Kelly",스위스,취리히,2025-08-02,2025-08-02,1,50044,콘서트
Foire de Paris,프랑스,파리,2025-04-30,2025-05-11,12,612600,엑스포
Salon International de l'Agriculture,프랑스,파리,2025-02-22,2025-03-02,9,600000,엑스포
Solidays,프랑스,파리,2025-06-29,2025-06-29,1,247022,축제
Solidays,프랑스,파리,2025-06-28,2025-06-28,1,247022,축제
Nautic en Seine,프랑스,파리,2025-04-01,2025-04-06,6,204000,엑스포
Lollapalooza Paris,프랑스,파리,2025-07-18,2025-07-20,3,170000,축제
VivaTech,프랑스,파리,2025-06-11,2025-06-14,4,165000,엑스포
Festival du Livre de Paris 2025,프랑스,파리,2025-04-11,2025-04-13,3,103000,엑스포
WE LOVE GREEN - PASS 1 JOUR - WE LOVE GREEN FESTIVAL,프랑스,파리,2025-06-06,2025-06-06,1,100000,축제
Paris Fashion Week Womenswear,프랑스,파리,2025-03-03,2025-03-11,9,100000,엑스포
Paris Half Marathon,프랑스,파리,2025-03-09,2025-03-09,1,80000,스포츠
Salon Mondial du Tourisme (formerly MAP),프랑스,파리,2025-03-13,2025-03-16,4,72000,엑스포
art paris,프랑스,파리,2025-04-03,2025-04-06,4,69575,엑스포
SOLIDAYS 2025 - PASS NUIT VENDREDI,프랑스,파리,2025-06-27,2025-06-27,1,50000,콘서트
SOLIDAYS 2025 - PASS 3 JOURS 139€,프랑스,파리,2025-06-27,2025-06-27,1,50000,콘서트
Paris Fashion Week Men's,프랑스,파리,2025-06-24,2025-06-29,6,50000,엑스포
Foire d'Angers,프랑스,파리,2025-04-24,2025-04-28,5,50000,엑스포
Salon Saveurs Des Plaisirs Gourmands,프랑스,파리,2025-04-04,2025-04-06,3,50000,엑스포
Ligue 1 - Auxerre vs PSG,프랑스,파리,2025-05-17,2025-05-17,1,47926,스포츠
Ligue 1 - Olympique Marseille vs PSG,프랑스,파리,2025-03-16,2025-03-16,1,47926,스포츠
Ligue 1 - Lille vs PSG,프랑스,파리,2025-03-01,2025-03-01,1,47838,스포츠
Ligue 1 - Angers SCO vs PSG,프랑스,파리,2025-04-05,2025-04-05,1,47736,스포츠
Ligue 1 - Nice vs PSG,프랑스,파리,2025-04-25,2025-04-25,1,47597,스포츠
UEFA Champions League - Semi-finals - Arsenal vs PSG,프랑스,파리,2025-05-07,2025-05-07,1,47511,스포츠
UEFA Champions League - Quarter-finals - Aston Villa vs PSG,프랑스,파리,2025-04-09,2025-04-09,1,47511,스포츠
UEFA Champions League - 8th Finals - Liverpool vs PSG,프랑스,파리,2025-03-05,2025-03-05,1,47511,스포츠
Ligue 1 - Le Havre vs PSG,프랑스,파리,2025-04-19,2025-04-19,1,47113,스포츠
Carnaval de Nice,프랑스,니스,2025-02-15,2025-03-02,16,1000000,축제
NYC Pride Parade,미국,뉴욕,2025-06-29,2025-06-29,1,2000000,축제
NYC St. Patrick’s Day Parade,미국,뉴욕,2025-03-17,2025-03-17,1,2000000,축제
US Open Tennis,미국,뉴욕,2025-08-18,2025-09-07,21,1048669,스포츠
Erie County Fair,미국,뉴욕,2025-08-06,2025-08-17,12,1000000,축제
Puerto Rican Day Parade,미국,뉴욕,2025-06-08,2025-06-08,1,1000000,축제
Ninth Avenue International Food Festival,미국,뉴욕,2025-05-17,2025-05-18,2,1000000,축제
The Great New York State Fair,미국,뉴욕,2025-08-20,2025-09-01,13,868745,축제
New York International Auto Show,미국,뉴욕,2025-04-18,2025-04-27,10,628000,엑스포
Dominican Day Parade,미국,뉴욕,2025-08-10,2025-08-10,1,500000,축제
Galbani Buffalo Italian Heritage Festival,미국,뉴욕,2025-07-25,2025-07-27,3,500000,축제
116th Street Festival 40th Anniversary,미국,뉴욕,2025-06-07,2025-06-07,1,500000,축제
Rochester Lilac Festival,미국,뉴욕,2025-05-09,2025-05-18,10,500000,축제
Taste of Buffalo,미국,뉴욕,2025-07-12,2025-07-13,2,400000,축제
Dutchess County Fair,미국,뉴욕,2025-08-19,2025-08-24,6,300000,축제
Canal Fest,미국,뉴욕,2025-07-13,2025-07-20,8,300000,축제
NYCxDesign Festival,미국,뉴욕,2025-05-15,2025-05-21,7,300000,축제
CGI Rochester International Jazz Festival,미국,뉴욕,2025-06-20,2025-06-28,9,200000,축제
Fairport Canal Days,미국,뉴욕,2025-06-07,2025-06-08,2,200000,축제
Taste of Syracuse,미국,뉴욕,2025-06-06,2025-06-07,2,200000,축제
New York Renaissance Faire,미국,뉴욕,2025-08-16,2025-10-05,51,175000,축제
India Day Parade,미국,뉴욕,2025-08-17,2025-08-17,1,150000,축제
The Governors Ball Music Festival,미국,뉴욕,2025-06-06,2025-06-08,3,150000,축제
Tribeca Film Festival,미국,뉴욕,2025-06-04,2025-06-15,12,145000,축제
Corn Hill Arts Festival,미국,뉴욕,2025-07-12,2025-07-13,2,125000,축제
Eden Corn Festival Craft Show,미국,뉴욕,2025-07-31,2025-08-03,4,120000,축제
World Science Festival,미국,뉴욕,2025-05-30,2025-05-30,1,120000,축제
SummerStage,미국,뉴욕,2025-08-01,2025-10-09,70,110000,축제
SummerStage,미국,뉴욕,2025-05-17,2025-07-31,76,110000,축제
Altamont Fair,미국,뉴욕,2025-08-12,2025-08-17,6,100000,축제
Spiedie Fest & Balloon Rally,미국,뉴욕,2025-08-01,2025-08-03,3,100000,축제
Saratoga County Fair,미국,뉴욕,2025-07-22,2025-07-27,6,100000,축제
Sterling Renaissance Festival,미국,뉴욕,2025-07-05,2025-08-17,44,100000,축제
Hands Off Protest - New York City,미국,뉴욕,2025-04-05,2025-04-05,1,100000,지역 사회
PPG Syracuse Nationals,미국,뉴욕,2025-07-18,2025-07-20,3,90000,축제
Albany Alive at 5 - July,미국,뉴욕,2025-07-10,2025-07-17,8,85000,축제
Albany Alive at 5 - June,미국,뉴욕,2025-06-05,2025-06-26,22,85000,축제
International African Arts Festival,미국,뉴욕,2025-07-04,2025-07-06,3,75000,축제
Taste of Country Music Festival,미국,뉴욕,2025-06-21,2025-06-21,1,70000,축제
New York Giants vs Buffalo Bills,미국,뉴욕,2025-08-09,2025-08-09,1,67412,스포츠
Herkimer County Fair,미국,뉴욕,2025-08-12,2025-08-17,6,65000,축제
Franklin County Fair,미국,뉴욕,2025-08-02,2025-08-10,9,65000,축제
George Strait with Chris Stapleton and Parker McCollum,미국,뉴욕,2025-06-14,2025-06-14,1,61506,콘서트
Dick's Sporting Goods Open,미국,뉴욕,2025-07-07,2025-07-13,7,60000,스포츠
Albany Tulip Festival,미국,뉴욕,2025-05-10,2025-05-11,2,60000,축제
Belmont Stakes Racing Festival,미국,뉴욕,2025-06-07,2025-06-09,3,56217,스포츠
Billy Joel and Rod Stewart,미국,뉴욕,2025-07-18,2025-07-18,1,54251,콘서트
Hong Kong Dragon Boat Festival,미국,뉴욕,2025-08-09,2025-08-10,2,50000,엑스포
Oswego Harborfest,미국,뉴욕,2025-07-24,2025-07-27,4,50000,축제
Chautauqua County Fair,미국,뉴욕,2025-07-16,2025-07-16,1,50000,축제
Chautauqua County Fair,미국,뉴욕,2025-07-15,2025-07-20,6,50000,축제
NYS Blues Festival,미국,뉴욕,2025-06-13,2025-06-15,3,50000,엑스포
Museum Mile Festival,미국,뉴욕,2025-06-10,2025-06-10,1,50000,축제
The New Queens Pride,미국,뉴욕,2025-06-01,2025-06-01,1,50000,축제
RBC Brooklyn Half,미국,뉴욕,2025-05-17,2025-05-17,1,49999,스포츠
United Airlines NYC Half-Marathon,미국,뉴욕,2025-03-16,2025-03-16,1,49999,스포츠
North Carolina Men's Lacrosse vs Syracuse University Men's Lacrosse,미국,뉴욕,2025-04-26,2025-04-26,1,49057,스포츠
Metallica with Pantera and Suicidal Tendencies,미국,뉴욕,2025-04-19,2025-04-19,1,49057,콘서트
Boston College Eagles vs Syracuse Orange Womens Lacrosse,미국,뉴욕,2025-04-17,2025-04-17,1,49057,스포츠
Billy Joel and Sting,미국,뉴욕,2025-04-11,2025-04-11,1,49057,콘서트
Notre Dame Fighting Irish vs Syracuse Orange Mens Lacrosse,미국,뉴욕,2025-04-05,2025-04-05,1,49057,스포츠
Virginia Cavaliers vs Syracuse Orange Womens Lacrosse,미국,뉴욕,2025-03-29,2025-03-29,1,49057,스포츠
Notre Dame Fighting Irish vs Syracuse Orange Womens Lacrosse,미국,뉴욕,2025-03-23,2025-03-23,1,49057,스포츠
Colgate Raiders vs Syracuse Orange Mens Lacrosse,미국,뉴욕,2025-03-22,2025-03-22,1,49057,스포츠
Manhattan Jaspers vs Syracuse Orange Mens Lacrosse,미국,뉴욕,2025-03-18,2025-03-18,1,49057,스포츠
Johns Hopkins Blue Jays vs Syracuse Orange Womens Lacrosse,미국,뉴욕,2025-03-10,2025-03-10,1,49057,스포츠
Johns Hopkins Blue Jays vs Syracuse Orange Mens Lacrosse,미국,뉴욕,2025-03-09,2025-03-09,1,49057,스포츠
Stanford Cardinal vs Syracuse Orange Womens Lacrosse,미국,뉴욕,2025-03-07,2025-03-07,1,49057,스포츠
Clemson Tigers vs Syracuse Orange Womens Lacrosse,미국,뉴욕,2025-03-01,2025-03-01,1,49057,스포츠
New York Mets vs New York Yankees,미국,뉴욕,2025-05-18,2025-05-18,1,48028,스포츠
New York Mets vs New York Yankees,미국,뉴욕,2025-05-16,2025-05-16,1,47700,스포츠
New York Mets vs New York Yankees,미국,뉴욕,2025-05-17,2025-05-17,1,47510,스포츠
Philadelphia Phillies vs New York Yankees,미국,뉴욕,2025-07-25,2025-07-25,1,47396,스포츠
Boston Red Sox vs New York Yankees,미국,뉴욕,2025-06-08,2025-06-08,1,47100,스포츠
Bouckville Antique Week - August,미국,뉴욕,2025-08-10,2025-08-16,7,47000,축제
Milwaukee Brewers vs New York Yankees,미국,뉴욕,2025-03-29,2025-03-29,1,46683,스포츠
Philadelphia Phillies vs New York Yankees,미국,뉴욕,2025-07-27,2025-07-27,1,46249,스포츠
Milwaukee Brewers vs New York Yankees,미국,뉴욕,2025-03-27,2025-03-27,1,46208,스포츠
Toronto Blue Jays vs New York Yankees,미국,뉴욕,2025-04-25,2025-04-25,1,46081,스포츠
Pan-Pacific Festival,미국,호놀룰루 하와이,2025-06-13,2025-06-15,3,105000,축제
Made in Hawaii Festival,미국,호놀룰루 하와이,2025-08-15,2025-08-17,3,49000,축제
PNE Fair,캐나다,밴쿠버,2025-08-16,2025-09-01,17,529770,축제
Honda Celebration of Light - Day 3,캐나다,밴쿠버,2025-07-26,2025-07-26,1,460000,축제
Honda Celebration of Light - Day 2,캐나다,밴쿠버,2025-07-23,2025-07-23,1,460000,축제
Honda Celebration of Light - Day 1,캐나다,밴쿠버,2025-07-19,2025-07-19,1,460000,축제
ELEVATE Vancouver Auto Show,캐나다,밴쿠버,2025-03-19,2025-03-23,5,129000,엑스포
Harmony Arts Festival,캐나다,밴쿠버,2025-08-01,2025-08-10,10,110000,축제
Carnaval Del Sol,캐나다,밴쿠버,2025-07-11,2025-07-13,3,100000,축제
Bard on the Beach,캐나다,밴쿠버,2025-06-10,2025-09-20,103,100000,축제
The Weeknd at BC Place,캐나다,밴쿠버,2025-07-26,2025-07-26,1,54500,콘서트
The Weeknd with Playboi Carti And Mike Dean,캐나다,밴쿠버,2025-07-16,2025-07-16,1,54500,콘서트
The Weeknd with Playboi Carti And Mike Dean,캐나다,밴쿠버,2025-07-15,2025-07-15,1,54500,콘서트
AC/DC with The Pretty Reckless,캐나다,밴쿠버,2025-04-22,2025-04-22,1,54500,콘서트
Vancouver Sun Run,캐나다,밴쿠버,2025-04-27,2025-04-27,1,49999,스포츠
Canadian Tulip Festival,캐나다,오타와,2025-05-09,2025-05-19,11,700000,축제
Ottawa Bluesfest,캐나다,오타와,2025-07-10,2025-07-20,11,300000,축제
TD Ottawa Jazz Festival,캐나다,오타와,2025-06-20,2025-06-29,10,241000,축제
FCA Ottawa Ferrari Festival,캐나다,오타와,2025-06-06,2025-06-08,3,200000,축제
Italian Week Ottawa,캐나다,오타와,2025-06-05,2025-06-15,11,155000,축제
Ottawa Chamberfest,캐나다,오타와,2025-07-18,2025-07-27,10,105000,축제
Capital Fair,캐나다,오타와,2025-08-15,2025-08-24,10,100000,엑스포
Ottawa Race Weekend,캐나다,오타와,2025-05-24,2025-05-25,2,100000,스포츠
Tim Hortons Ottawa Dragon Boat Festival,캐나다,오타와,2025-06-20,2025-06-22,3,75000,축제
Ottawa Greek Festival,캐나다,오타와,2025-08-14,2025-08-24,11,60000,축제
Ottawa Gatineau International Auto Show,캐나다,오타와,2025-03-20,2025-03-23,4,60000,엑스포
Canada Day,캐나다,오타와,2025-07-01,2025-07-01,1,56000,축제
Tartan Ottawa International Marathon,캐나다,오타와,2025-05-24,2025-05-24,1,49999,스포츠
Guangdong-Hong Kong-Macao Greater Bay Area Auto Show,중국,광저우,2025-05-31,2025-06-08,9,2000000,엑스포
CIBE 2025 - China (Guangzhou) International Beauty Expo,중국,광저우,2025-03-10,2025-03-12,3,910000,엑스포
CIFF Phase II - Office/Commercial Furniture,중국,광저우,2025-03-28,2025-03-31,4,363449,엑스포
CIFF Phase I - Home Furniture,중국,광저우,2025-03-18,2025-03-21,4,363449,엑스포
The CIMP AutoEcosystems Expo,중국,광저우,2025-02-28,2025-03-03,4,300000,엑스포
CHINAPLAS,중국,광저우,2025-04-15,2025-04-18,4,281206,엑스포
CIEF Phase 3,중국,광저우,2025-05-01,2025-05-05,5,253000,엑스포
CIEF Phase 2,중국,광저우,2025-04-23,2025-04-27,5,253000,엑스포
CIEF Phase 1,중국,광저우,2025-04-15,2025-04-19,5,253000,엑스포
Guangzhou Electrical Building Technology (GEBT),중국,광저우,2025-06-09,2025-06-12,4,208992,엑스포
CBD Fair,중국,광저우,2025-07-08,2025-07-11,4,208739,엑스포
2025 Solar PV & Energy Storage World Expo (The 17th Guangzhou International Solar PV & Energy Storage Exhibition),중국,광저우,2025-08-08,2025-08-10,3,200000,엑스포
China Bakery Exhibition,중국,광저우,2025-05-10,2025-05-12,3,200000,엑스포
Shenzhen Gifts & Home Fair - Spring,중국,광저우,2025-04-25,2025-04-28,4,200000,엑스포
CIBF China International Battery Fair,중국,광저우,2025-05-15,2025-05-17,3,180000,엑스포
China International Ceramics and Bathroom Fair,중국,광저우,2025-04-18,2025-04-23,6,180000,엑스포
NHNE 2025 - China International Natural Health & Nutrition Expo,중국,광저우,2025-05-21,2025-05-23,3,150000,엑스포
ITES China,중국,광저우,2025-03-26,2025-03-29,4,145998,엑스포
Ceramics China 2025,중국,광저우,2025-06-18,2025-06-21,4,120000,엑스포
GETshow,중국,광저우,2025-02-24,2025-02-27,4,110378,엑스포
Guangzhou International Franchise Chain Exhibition,중국,광저우,2025-08-15,2025-08-17,3,108700,엑스포
Shenzhen International Smart Office Exhibition,중국,광저우,2025-06-25,2025-06-27,3,100000,엑스포
China (Guangzhou) International Emergency Safety Expo,중국,광저우,2025-06-16,2025-06-18,3,100000,엑스포
Guangzhou International High Quality Rice and Brand Cereals Exhibition,중국,광저우,2025-06-12,2025-06-14,3,100000,엑스포
Guangzhou International Nutrition Health Food and Organic Products Exhibition,중국,광저우,2025-06-12,2025-06-14,3,100000,엑스포
International Grain and Oil Industry Exhibition,중국,광저우,2025-06-12,2025-06-14,3,100000,엑스포
World Ecological Agricultural Products and Food Industry Expo (formerly PFE),중국,광저우,2025-06-12,2025-06-14,3,100000,엑스포
Shenzhen International Data Center Liquid Cooling Industry Exhibition,중국,광저우,2025-06-04,2025-06-06,3,100000,엑스포
SCIIF -South China International Industry Fair,중국,광저우,2025-06-04,2025-06-06,3,100000,엑스포
Shenzhen Creative Week,중국,광저우,2025-03-16,2025-03-19,4,100000,엑스포
Asiamold Select,중국,광저우,2025-02-25,2025-02-27,3,98800,엑스포
SPS - Smart Production Solutions Guangzhou,중국,광저우,2025-02-25,2025-02-27,3,78111,엑스포
Global Seafood Trade Fair,중국,광저우,2025-06-21,2025-06-23,3,68000,엑스포
Baby & Stroller China,중국,광저우,2025-04-07,2025-04-09,3,67295,엑스포
Licensing China,중국,광저우,2025-04-07,2025-04-09,3,67295,엑스포
Toy & Hobby China,중국,광저우,2025-04-07,2025-04-09,3,67295,엑스포
Dental South China Expo & Conference,중국,광저우,2025-03-03,2025-03-06,4,65916,엑스포
API Spring Show in Guangzhou,중국,광저우,2025-05-21,2025-05-23,3,60000,엑스포
IHE2025 - The 33rd International Health Industry Expo,중국,광저우,2025-06-12,2025-06-14,3,52800,엑스포
Guangzhou International Foundry Diecasting & Forge Industry Exhibition,중국,광저우,2025-02-25,2025-02-27,3,50400,엑스포
IBTE2025 - The International Baby Products and Toys Expo (IBTE Guangzhou) (*Postponed until 2026),중국,광저우,2025-03-05,2025-03-07,3,50026,엑스포
Wire & Cable Asia,중국,광저우,2025-06-26,2025-06-28,3,50000,엑스포
Shenzhen International Semiconductor Technology and Application Exhibition,중국,광저우,2025-06-25,2025-06-27,3,50000,엑스포
China International Consumer Electronics Expo,중국,광저우,2025-06-25,2025-06-27,3,50000,엑스포
Traditional Chinese Medicine Industry and Health Care and Physiotherapy Expo,중국,광저우,2025-06-12,2025-06-14,3,50000,엑스포
Shenzhen International Electronic Chemicals and New Materials Exhibition,중국,광저우,2025-06-04,2025-06-06,3,50000,엑스포
PHARMEX Exhibition,중국,광저우,2025-05-21,2025-05-23,3,50000,엑스포
API China & PharmaPack & SINOPHEX,중국,광저우,2025-05-21,2025-05-23,3,50000,엑스포
LET - A CeMAT ASIA event,중국,광저우,2025-05-21,2025-05-23,3,50000,엑스포
GITF - Guangzhou International Travel Fair,중국,광저우,2025-05-15,2025-05-17,3,50000,엑스포
Asia Water Sports & Recreational Products Expo,중국,광저우,2025-05-10,2025-05-12,3,50000,엑스포
Asia Outdoor Gear & Mountain Equipment Expo,중국,광저우,2025-05-10,2025-05-12,3,50000,엑스포
Asian Tourist Attractions Equipment Expo,중국,광저우,2025-05-10,2025-05-12,3,50000,엑스포
Shenzhen International Power Electronic Components and Renewable Energy Exhibition,중국,광저우,2025-04-09,2025-04-11,3,50000,엑스포
Asia Garden and Landscape Industry Expo,중국,광저우,2025-03-16,2025-03-18,3,50000,엑스포
2025 ASIA VENDING&SMART RETAIL EXPO,중국,광저우,2025-02-26,2025-02-26,1,50000,엑스포
Guangzhou International 3D Printing Expo,중국,광저우,2025-02-25,2025-02-27,3,50000,엑스포
"Landscape Expo Asia 2025 - Asia Landscape Design, Equipment & Supplies Expo",중국,광저우,2025-03-16,2025-03-18,3,48315,엑스포
Guangzhou International Musical Instruments Expo,중국,광저우,2025-05-27,2025-05-30,4,48125,엑스포
Asia Pacific International Intelligent Equipment Expo,중국,칭다오,2025-07-17,2025-07-20,4,90000,엑스포
Qingdao International Machine Tool Exhibition,중국,칭다오,2025-06-18,2025-06-22,5,85000,엑스포
The China International Food Processing and Packaging Equipment Exhibition,중국,칭다오,2025-05-27,2025-05-29,3,50000,엑스포
China (Qingdao) Livestock Industry Expo,중국,칭다오,2025-04-10,2025-04-12,3,50000,엑스포
Qingdao Century Home Expo,중국,칭다오,2025-03-21,2025-03-23,3,50000,엑스포
Sanja Festival,일본,도쿄,2025-05-16,2025-05-18,3,2000000,축제
Security Show,일본,도쿄,2025-03-04,2025-03-07,4,140000,엑스포
AnimeJapan 2025,일본,도쿄,2025-03-22,2025-03-25,4,135323,엑스포
FOOMA JAPAN 2025 - Food Processing Technology Expo,일본,도쿄,2025-06-10,2025-06-13,4,113777,엑스포
JECA FAIR Electrical Construction Equipment Materials,일본,도쿄,2025-05-29,2025-05-29,1,104683,엑스포
SusHi Tech Tokyo 2025 Global Startup Program,일본,도쿄,2025-05-08,2025-05-10,3,100000,엑스포
Architecture + Construction Materials,일본,도쿄,2025-03-04,2025-03-07,4,100000,엑스포
Tokyo Marathon,일본,도쿄,2025-03-02,2025-03-02,1,100000,스포츠
Japan Drugstore Show 2025,일본,도쿄,2025-08-08,2025-08-10,3,97944,엑스포
Interpets Asia Pacific,일본,도쿄,2025-04-03,2025-04-06,4,85000,엑스포
Beautyworld Japan Tokyo,일본,도쿄,2025-04-28,2025-04-30,3,77282,엑스포
FOODEX JAPAN,일본,도쿄,2025-03-11,2025-03-14,4,76183,엑스포
DMS (within Manufacturing World Japan),일본,도쿄,2025-07-09,2025-07-11,3,66895,엑스포
ISM Japan,일본,도쿄,2025-04-15,2025-04-17,3,55214,엑스포
Anuga Select Japan 2025,일본,도쿄,2025-04-15,2025-04-17,3,55214,엑스포
FABEX,일본,도쿄,2025-04-15,2025-04-17,3,55214,엑스포
PREMIUM FOOD SHOW 2025,일본,도쿄,2025-04-15,2025-04-17,3,55214,엑스포
Japan DX Week Spring 2025,일본,도쿄,2025-04-23,2025-04-25,3,53916,엑스포
ifia JAPAN 2025 - The 30th International Food Ingredients & Additives Exhibition and Conference,일본,도쿄,2025-05-21,2025-05-23,3,50000,엑스포
Tokyo International BarShow,일본,도쿄,2025-05-10,2025-05-11,2,50000,엑스포
Embedded and Edge Computing Expo Koto,일본,도쿄,2025-04-23,2025-04-25,3,50000,엑스포
Advanced E-commerce & Retail Expo [Spring],일본,도쿄,2025-04-23,2025-04-25,3,50000,엑스포
16th EDIX Tokyo (Education Expo Japan),일본,도쿄,2025-04-23,2025-04-25,3,50000,엑스포
ProWine Tokyo,일본,도쿄,2025-04-15,2025-04-17,3,50000,엑스포
Interphex,일본,도쿄,2025-04-01,2025-04-03,3,50000,엑스포
Sewage Works Exhibition,일본,도쿄,2025-07-29,2025-08-01,4,49031,엑스포
Smart Sensing 2025,일본,도쿄,2025-06-18,2025-06-20,3,48334,엑스포
SEMISOL 2025,일본,도쿄,2025-06-18,2025-06-20,3,48334,엑스포
2025 Microelectronics Show,일본,도쿄,2025-06-04,2025-06-06,3,48334,엑스포
WIRE Japan Show 2025,일본,도쿄,2025-06-04,2025-06-06,3,48334,엑스포
JISSO PROTEC 2025,일본,도쿄,2025-06-04,2025-06-05,2,48334,엑스포
JPCA,일본,도쿄,2025-06-04,2025-06-06,3,48334,엑스포
Total Solution Exhibition for Electronic Equipment 2025,일본,도쿄,2025-06-04,2025-06-06,3,48334,엑스포
17th CONTENT TOKYO 2025,일본,도쿄,2025-07-02,2025-07-04,3,46177,엑스포
5th XR & Metaverse Fair Tokyo [Summer],일본,도쿄,2025-07-02,2025-07-04,3,46177,엑스포
Digital Marketing Expo Spring,일본,교토,2025-04-23,2025-04-25,3,130000,엑스포
Japan Hobby Show,일본,교토,2025-04-17,2025-04-19,3,125400,엑스포
Jeca Fair,일본,교토,2025-05-28,2025-05-30,3,104700,엑스포
New Environmental Exposition,일본,교토,2025-05-28,2025-05-30,3,92121,엑스포
Japan Meat Industry Fair,일본,교토,2025-03-11,2025-03-14,4,73789,엑스포
Information Security Expo Spring,일본,교토,2025-04-23,2025-04-25,3,70000,엑스포
Block Chain Expo,일본,교토,2025-04-15,2025-04-17,3,65000,엑스포
Design Festa,일본,교토,2025-07-05,2025-07-06,2,63000,축제
J1 League - Kawasaki Frontale vs Kashima Antlers,일본,교토,2025-05-11,2025-05-11,1,59574,스포츠
J1 League - Nagoya Grampus vs Shimizu S-Pulse,일본,교토,2025-05-03,2025-05-03,1,52847,스포츠
Fresh Distribution Technology Exhibition,일본,교토,2025-08-20,2025-08-22,3,50000,엑스포
Team Management Support Expo,일본,교토,2025-06-25,2025-06-27,3,50000,엑스포
Health Management Expo Autumn,일본,교토,2025-06-25,2025-06-27,3,50000,엑스포
Office Service Expo Autumn,일본,교토,2025-06-25,2025-06-27,3,50000,엑스포
Human Resources and Labor Shortage Countermeasures Expo,일본,교토,2025-06-04,2025-06-06,3,50000,엑스포
DX Human Resource Development Expo Tokyo,일본,교토,2025-05-15,2025-05-17,3,50000,엑스포
Sales Digital Transformation Expo,일본,교토,2025-04-23,2025-04-25,3,50000,엑스포
Office-work DX Expo,일본,교토,2025-04-23,2025-04-25,3,50000,엑스포
Data Driven Management Expo,일본,교토,2025-04-23,2025-04-25,3,50000,엑스포
Halal Market Fair,일본,교토,2025-04-15,2025-04-17,3,50000,엑스포
Japan Life Science Week,일본,교토,2025-04-09,2025-04-11,3,50000,엑스포
Marketing Week,일본,교토,2025-04-02,2025-04-04,3,50000,엑스포
Body & Mind Recovery Expo,일본,교토,2025-02-26,2025-02-28,3,50000,엑스포
Food Design Expo,일본,교토,2025-02-26,2025-02-28,3,50000,엑스포
Beauty & Wellness Expo,일본,교토,2025-02-26,2025-02-28,3,50000,엑스포
Femtech & Mentech Expo,일본,교토,2025-02-26,2025-02-28,3,50000,엑스포
J2 League - Omiya Ardija vs JEF United,일본,교토,2025-05-06,2025-05-07,2,49991,스포츠
J1 League - Sanfrecce Hiroshima vs Tokyo,일본,교토,2025-05-25,2025-05-25,1,46206,스포츠
VIETBUILD HANOI 2025 (Phase 1) - International Construction Exhibition,베트남,하노이,2025-03-19,2025-03-23,5,350000,엑스포
Vietbuild Hanoi,베트남,하노이,2025-05-29,2025-06-01,4,300000,엑스포
Danang International Fireworks Festival,베트남,다낭,2025-05-31,2025-07-12,43,13000000,축제
Hong Kong Arts Festival,홍콩,홍콩,2025-02-28,2025-03-29,30,1000000,축제
Hong Kong Sports and Leisure Expo,홍콩,홍콩,2025-07-16,2025-07-22,7,990000,엑스포
"HKTDC Beauty & Wellness Expo, HKTDC Food Expo, HKTDC Home Delights Expo",홍콩,홍콩,2025-08-14,2025-08-18,5,480000,엑스포
Ani- Com & Games Hong Kong,홍콩,홍콩,2025-07-25,2025-07-29,5,200000,엑스포
Hong Kong Rugby Sevens,홍콩,홍콩,2025-03-28,2025-03-30,3,120000,스포츠
The Hong Kong International Film Festival,홍콩,홍콩,2025-04-10,2025-04-21,12,100000,축제
ITE Hong Kong,홍콩,홍콩,2025-06-12,2025-06-15,4,90000,엑스포
Art Basel Hong Kong,홍콩,홍콩,2025-03-28,2025-03-30,3,75000,엑스포
Hong Kong Electronics Fair - Spring Edition,홍콩,홍콩,2025-04-13,2025-04-16,4,67236,엑스포
Global Sources Consumer Electronics Show,홍콩,홍콩,2025-04-11,2025-04-14,4,60000,엑스포
Global Sources Electronic Components Show,홍콩,홍콩,2025-04-11,2025-04-14,4,60000,엑스포
Data Center Asia,홍콩,홍콩,2025-07-15,2025-07-17,3,50000,엑스포
(GBA) Hong Kong Through-Train Schools Expo,홍콩,홍콩,2025-07-04,2025-07-06,3,50000,엑스포
Coldplay,홍콩,홍콩,2025-04-12,2025-04-12,1,50000,콘서트
Coldplay,홍콩,홍콩,2025-04-11,2025-04-11,1,50000,콘서트
Coldplay,홍콩,홍콩,2025-04-09,2025-04-09,1,50000,콘서트
HKTDC Hong Kong International Jewellery Show,홍콩,홍콩,2025-03-04,2025-03-08,5,49116,엑스포
Hong Kong Wedding Fair,홍콩,홍콩,2025-06-06,2025-06-08,3,47500,엑스포
Geylang Serai Ramadan Bazaar,싱가포르,싱가포르,2025-02-26,2025-03-31,34,2000000,축제
Kampong Gelam Ramadan Bazaar,싱가포르,싱가포르,2025-02-19,2025-03-25,35,700000,축제
Comex IT Show,싱가포르,싱가포르,2025-05-22,2025-05-25,4,500000,엑스포
World Aquatics Championships,싱가포르,싱가포르,2025-07-11,2025-08-03,24,302946,스포츠
TLM Food Expo - Singapore,싱가포르,싱가포르,2025-04-18,2025-04-20,3,300000,엑스포
NATAS Travel 2025,싱가포르,싱가포르,2025-02-28,2025-03-02,3,110000,엑스포
Singapore International Festival of Arts,싱가포르,싱가포르,2025-05-16,2025-06-01,17,73000,축제
APAC Food & Beverage Expo,싱가포르,싱가포르,2025-08-15,2025-08-17,3,50000,엑스포
Singapore International Tea Expo,싱가포르,싱가포르,2025-07-04,2025-07-06,3,50000,엑스포
Vinexpo Asia Singapore,싱가포르,싱가포르,2025-05-27,2025-05-29,3,50000,엑스포
"APAC Food & Beverage Expo 13 - 16 Mar @ Singapore Expo, Hall 6",싱가포르,싱가포르,2025-03-13,2025-03-16,4,50000,엑스포
FHA - Food & Beverage,싱가포르,싱가포르,2025-04-08,2025-04-11,4,47992,엑스포
Bali Arts Festival,인도네시아,발리,2025-06-15,2025-07-13,29,2000000,축제
HOMETEX,튀르키예,이스탄불,2025-05-20,2025-05-23,4,175000,엑스포
IDEX Istanbul,튀르키예,이스탄불,2025-05-07,2025-05-10,4,98595,엑스포
IDEF,튀르키예,이스탄불,2025-07-22,2025-07-27,6,98198,엑스포
Istanbul Prohunt 2025 - International Istanbul Hunting Arms & Outdoor Expo,튀르키예,이스탄불,2025-05-28,2025-05-31,4,52500,엑스포
Turkish Industrial Exhibition,튀르키예,이스탄불,2025-05-28,2025-05-31,4,50000,엑스포
SolarEX Istanbul,튀르키예,이스탄불,2025-04-10,2025-04-12,3,50000,엑스포
Süper Lig - Kayserispor vs Galatasaray,튀르키예,이스탄불,2025-05-18,2025-05-18,1,49318,스포츠
Yapi - Turkeybuild Istanbul 2025,튀르키예,이스탄불,2025-04-16,2025-04-19,4,46938,엑스포
Productronica China,인도,뭄바이,2025-03-26,2025-03-28,3,60657,엑스포
AUTOMATION EXPO 2025,인도,뭄바이,2025-08-11,2025-08-14,4,50000,엑스포
Housing & Construction Expo,스리랑카,콜롬보,2025-05-30,2025-06-01,3,75000,엑스포
Seylan Colombo Motor Show,스리랑카,콜롬보,2025-06-27,2025-06-29,3,50000,엑스포
Madrid Pride Parade,스페인,마드리드,2025-07-05,2025-07-05,1,2000000,축제
Madrid Pride,스페인,마드리드,2025-06-27,2025-07-06,10,2000000,축제
Mutua Madrid Open,스페인,마드리드,2025-04-21,2025-05-04,14,380000,스포츠
Mad Cool Festival,스페인,마드리드,2025-07-10,2025-07-13,4,200000,축제
Semana de la Educacion,스페인,마드리드,2025-03-26,2025-03-30,5,118996,엑스포
AULA,스페인,마드리드,2025-03-26,2025-03-30,5,118996,엑스포
Salón Gourmets,스페인,마드리드,2025-04-07,2025-04-10,4,107100,엑스포
Mad Cool Festival at Iberdrola Music,스페인,마드리드,2025-07-12,2025-07-12,1,100000,축제
Mad Cool Festival at Iberdrola Music,스페인,마드리드,2025-07-11,2025-07-11,1,100000,축제
Santander SMusic Festival,스페인,마드리드,2025-06-27,2025-06-27,1,100000,축제
ARCOmadrid,스페인,마드리드,2025-03-05,2025-03-09,5,95000,엑스포
International Postgraduate and Continuing Training Exhibition,스페인,마드리드,2025-03-26,2025-03-30,5,89500,엑스포
Copa del Rey - Semi-finals - Real Sociedad vs Real Madrid,스페인,마드리드,2025-04-01,2025-04-02,2,81044,스포츠
UEFA Champions League - 8th Finals - Atlético Madrid vs Real Madrid,스페인,마드리드,2025-03-04,2025-03-04,1,77261,스포츠
UEFA Champions League - Quarter-finals - Arsenal vs Real Madrid,스페인,마드리드,2025-04-16,2025-04-16,1,77073,스포츠
Primera División - Valencia vs Real Madrid,스페인,마드리드,2025-04-05,2025-04-05,1,75382,스포츠
Primera División - Rayo Vallecano vs Real Madrid,스페인,마드리드,2025-03-09,2025-03-09,1,74170,스포츠
Primera División - Leganés vs Real Madrid,스페인,마드리드,2025-03-29,2025-03-29,1,73641,스포츠
Primera División - Real Sociedad vs Real Madrid,스페인,마드리드,2025-05-24,2025-05-24,1,73186,스포츠
Primera División - Athletic Club vs Real Madrid,스페인,마드리드,2025-04-20,2025-04-20,1,72535,스포츠
AC/DC at Riyadh Air Metropolitano,스페인,마드리드,2025-07-16,2025-07-16,1,70460,콘서트
AC/DC at Riyadh Air Metropolitano,스페인,마드리드,2025-07-12,2025-07-12,1,70460,콘서트
"Ed Sheeran, Myles Smith, and Tori Kelly",스페인,마드리드,2025-05-31,2025-05-31,1,70460,콘서트
"Ed Sheeran, Myles Smith, and Tori Kelly",스페인,마드리드,2025-05-30,2025-05-30,1,70460,콘서트
UEFA Champions League - 8th Finals - Real Madrid vs Atlético Madrid,스페인,마드리드,2025-03-12,2025-03-12,1,69304,스포츠
Copa del Rey - Semi-finals - Barcelona vs Atlético Madrid,스페인,마드리드,2025-04-02,2025-04-02,1,69014,스포츠
Primera División - Celta de Vigo vs Real Madrid,스페인,마드리드,2025-05-04,2025-05-04,1,67661,스포츠
Primera División - Barcelona vs Atlético Madrid,스페인,마드리드,2025-03-16,2025-03-16,1,67602,스포츠
Primera División - Athletic Club vs Atlético Madrid,스페인,마드리드,2025-03-01,2025-03-01,1,63810,스포츠
Primera División - Real Betis vs Atlético Madrid,스페인,마드리드,2025-05-18,2025-05-18,1,62269,스포츠
Dellafuente,스페인,마드리드,2025-06-20,2025-06-20,1,61532,콘서트
Primera División - Mallorca vs Real Madrid,스페인,마드리드,2025-05-14,2025-05-14,1,60753,스포츠
Primera División - Real Sociedad vs Atlético Madrid,스페인,마드리드,2025-05-10,2025-05-10,1,59612,스포츠
Primera División - Real Valladolid vs Atlético Madrid,스페인,마드리드,2025-04-14,2025-04-14,1,55936,스포츠
Primera División RFEF - Group 2 - Real Betis II vs Atlético Madrid II,스페인,마드리드,2025-03-22,2025-03-22,1,50755,스포츠
ICEF Spanish Education,스페인,마드리드,2025-05-19,2025-05-21,3,50000,엑스포
Club Meeting: Real Estate Madrid Nuevo Norte,스페인,마드리드,2025-04-08,2025-04-08,1,50000,엑스포
ZURICH Rock'n'Roll Running Series Madrid,스페인,마드리드,2025-04-27,2025-04-27,1,49999,스포츠
Movistar Madrid Half Marathon,스페인,마드리드,2025-04-06,2025-04-06,1,49999,스포츠
Dellafuente,스페인,마드리드,2025-06-21,2025-06-21,1,49565,콘서트
Primera División - Rayo Vallecano vs Atlético Madrid,스페인,마드리드,2025-04-24,2025-04-24,1,49410,스포츠
HIP - Hospitality Innovation Plant (formerly HOREQ),스페인,마드리드,2025-03-10,2025-03-12,3,49137,엑스포
Imagine Dragons and Declan McKenna,스페인,마드리드,2025-06-28,2025-06-28,1,48893,콘서트
Dellafuente at Riyadh Air Metropolitano,스페인,마드리드,2025-06-20,2025-06-20,1,48776,콘서트
Iron Maiden and Avatar,스페인,마드리드,2025-07-05,2025-07-05,1,48528,콘서트
Bauma,독일,뮌헨,2025-04-07,2025-04-13,7,495132,엑스포
Frühlingsfest,독일,뮌헨,2025-04-25,2025-05-11,17,320000,축제
UEFA Champions Festival,독일,뮌헨,2025-05-29,2025-06-01,4,120000,축제
The Smarter E,독일,뮌헨,2025-05-06,2025-05-09,4,115000,엑스포
Intersolar Europe / The smarter E Europe,독일,뮌헨,2025-05-07,2025-05-09,3,93343,엑스포
Garten München,독일,뮌헨,2025-03-12,2025-03-16,5,91000,엑스포
INTERNATIONALE HANDWERKSMESSE,독일,뮌헨,2025-03-12,2025-03-16,5,85055,엑스포
EM-Power Europe,독일,뮌헨,2025-05-07,2025-05-09,3,85000,엑스포
ees Europe / The smarter E Europe,독일,뮌헨,2025-05-07,2025-05-09,3,80000,엑스포
transport logistic / air cargo Europe,독일,뮌헨,2025-06-02,2025-06-05,4,75649,엑스포
UEFA Champions League Final,독일,뮌헨,2025-05-31,2025-05-31,1,75024,스포츠
Bundesliga - Borussia M'gladbach vs Bayern München,독일,뮌헨,2025-05-10,2025-05-10,1,75000,스포츠
Bundesliga - Mainz 05 vs Bayern München,독일,뮌헨,2025-04-26,2025-04-26,1,75000,스포츠
Bundesliga - Borussia Dortmund vs Bayern München,독일,뮌헨,2025-04-12,2025-04-12,1,75000,스포츠
UEFA Champions League - Quarter-finals - Internazionale vs Bayern München,독일,뮌헨,2025-04-08,2025-04-08,1,75000,스포츠
Bundesliga - St. Pauli vs Bayern München,독일,뮌헨,2025-03-29,2025-03-29,1,75000,스포츠
Bundesliga - Bochum vs Bayern München,독일,뮌헨,2025-03-08,2025-03-08,1,75000,스포츠
UEFA Champions League - 8th Finals - Bayer Leverkusen vs Bayern München,독일,뮌헨,2025-03-05,2025-03-05,1,75000,스포츠
UEFA Nations League - Semi-finals - Portugal vs Germany,독일,뮌헨,2025-06-04,2025-06-04,1,68622,스포츠
UEFA Nations League - Final,독일,뮌헨,2025-06-08,2025-06-08,1,68023,스포츠
iba Munich,독일,뮌헨,2025-05-18,2025-05-22,5,57000,엑스포
Club Friendlies - Club Friendlies 1 - Tottenham Hotspur vs Bayern München,독일,뮌헨,2025-08-07,2025-08-07,1,52783,스포츠
InterBattery Europe,독일,뮌헨,2025-05-07,2025-05-09,3,50000,엑스포
Robbie Williams and The Lottery Winners,독일,뮌헨,2025-07-26,2025-07-26,1,49701,콘서트
Power2Drive Europe / The smarter E Europe,독일,뮌헨,2025-05-07,2025-05-09,3,46776,엑스포
Helsinki Festival,핀란드,헬싱키,2025-08-14,2025-08-31,18,200000,축제
CHILD FAIR - Lapsi Messut,핀란드,헬싱키,2025-04-11,2025-04-13,3,60600,엑스포
Spring Garden (within SPRING FAIR),핀란드,헬싱키,2025-03-27,2025-03-30,4,58000,엑스포
Helsinki City Marathon,핀란드,헬싱키,2025-05-17,2025-05-17,1,56000,스포츠
American Car Show,핀란드,헬싱키,2025-04-18,2025-04-20,3,55000,엑스포
My Home,핀란드,헬싱키,2025-03-27,2025-03-30,4,52700,엑스포
World Village Festival,핀란드,헬싱키,2025-05-24,2025-05-25,2,49000,축제
Piano City Milano,이탈리아,밀라노,2025-05-23,2025-05-25,3,100000,축제
Serie A - Lazio vs Internazionale,이탈리아,밀라노,2025-05-18,2025-05-18,1,80018,스포츠
I‑DAYS MILANO,이탈리아,밀라노,2025-07-15,2025-07-15,1,80000,축제
I‑DAYS MILANO,이탈리아,밀라노,2025-06-24,2025-06-24,1,80000,축제
UEFA Champions League - Quarter-finals - Bayern München vs Internazionale,이탈리아,밀라노,2025-04-16,2025-04-16,1,75625,스포츠
Coppa Italia - Semi-finals - Milan vs Internazionale,이탈리아,밀라노,2025-04-23,2025-04-23,1,75552,스포츠
UEFA Champions League - Semi-finals - Barcelona vs Internazionale,이탈리아,밀라노,2025-05-06,2025-05-06,1,75504,스포츠
Serie A - Como vs Milan,이탈리아,밀라노,2025-03-15,2025-03-15,1,74500,스포츠
Serie A - Atalanta vs Milan,이탈리아,밀라노,2025-04-20,2025-04-20,1,72745,스포츠
Serie A - Fiorentina vs Milan,이탈리아,밀라노,2025-04-05,2025-04-05,1,72451,스포츠
Serie A - Udinese vs Internazionale,이탈리아,밀라노,2025-03-30,2025-03-30,1,71924,스포츠
Serie A - Cagliari vs Internazionale,이탈리아,밀라노,2025-04-12,2025-04-12,1,71799,스포츠
Serie A - Bologna vs Milan,이탈리아,밀라노,2025-05-09,2025-05-09,1,71076,스포츠
Serie A - Roma vs Internazionale,이탈리아,밀라노,2025-04-27,2025-04-27,1,70240,스포츠
Serie A - Hellas Verona vs Internazionale,이탈리아,밀라노,2025-05-03,2025-05-03,1,70222,스포츠
Serie A - Monza vs Milan,이탈리아,밀라노,2025-05-24,2025-05-24,1,69124,스포츠
Coppa Italia - Semi-finals - Internazionale vs Milan,이탈리아,밀라노,2025-04-02,2025-04-02,1,67595,스포츠
Serie A - Monza vs Internazionale,이탈리아,밀라노,2025-03-08,2025-03-08,1,66344,스포츠
Serie A - Lazio vs Milan,이탈리아,밀라노,2025-03-02,2025-03-02,1,65969,스포츠
Bruce Springsteen and Bruce Springsteen & The E Street Band,이탈리아,밀라노,2025-06-30,2025-06-30,1,64129,콘서트
Gazzelle at Stadio San Siro,이탈리아,밀라노,2025-06-22,2025-06-22,1,63989,공연예술
Bruce Springsteen and Bruce Springsteen & The E Street Band,이탈리아,밀라노,2025-07-03,2025-07-03,1,63450,콘서트
Cesare Cremonini,이탈리아,밀라노,2025-06-16,2025-06-16,1,62832,콘서트
Cesare Cremonini,이탈리아,밀라노,2025-06-15,2025-06-15,1,61953,콘서트
UEFA Nations League - Quarter-finals - Germany vs Italy,이탈리아,밀라노,2025-03-20,2025-03-20,1,60334,스포츠
Milan Fashion Week - Fall-Winter,이탈리아,밀라노,2025-02-25,2025-03-03,7,60000,엑스포
IPACK-IMA 2025 - Food and Non-food Processing and Packaging Fair,이탈리아,밀라노,2025-05-27,2025-05-30,4,59837,엑스포
Dua Lipa,이탈리아,밀라노,2025-06-07,2025-06-07,1,56322,콘서트
UEFA Champions League - 8th Finals - Feyenoord vs Internazionale,이탈리아,밀라노,2025-03-11,2025-03-11,1,55536,스포츠
Imagine Dragons and Declan McKenna,이탈리아,밀라노,2025-05-27,2025-05-27,1,55523,콘서트
Pinguini Tattici Nucleari,이탈리아,밀라노,2025-06-11,2025-06-11,1,55237,콘서트
Pinguini Tattici Nucleari,이탈리아,밀라노,2025-06-10,2025-06-10,1,55237,콘서트
Modà,이탈리아,밀라노,2025-06-12,2025-06-12,1,54548,콘서트
BLACKPINK,이탈리아,밀라노,2025-08-06,2025-08-06,1,54498,콘서트
Gabry Ponte,이탈리아,밀라노,2025-06-28,2025-06-28,1,54421,콘서트
ELODIE - THE STADIUM SHOW,이탈리아,밀라노,2025-06-08,2025-06-08,1,54288,축제
Elisa,이탈리아,밀라노,2025-06-18,2025-06-18,1,53075,콘서트
Marco Mengoni,이탈리아,밀라노,2025-07-14,2025-07-14,1,52239,콘서트
Marco Mengoni,이탈리아,밀라노,2025-07-13,2025-07-13,1,52239,콘서트
Marracash,이탈리아,밀라노,2025-06-26,2025-06-26,1,51006,콘서트
Marracash,이탈리아,밀라노,2025-06-25,2025-06-25,1,51006,콘서트
Jimmy Eat World at Stadio San Siro,이탈리아,밀라노,2025-06-24,2025-06-24,1,50906,콘서트
Ultimo,이탈리아,밀라노,2025-07-07,2025-07-07,1,50570,콘서트
Ultimo,이탈리아,밀라노,2025-07-05,2025-07-05,1,50570,콘서트
Milan Fashion Week Men’s Spring-Summer,이탈리아,밀라노,2025-06-20,2025-06-24,5,50000,엑스포
BUYER POINT Expo,이탈리아,밀라노,2025-05-28,2025-05-28,1,50000,엑스포
CeMI Milan,이탈리아,밀라노,2025-05-09,2025-05-09,1,50000,엑스포
Lazza,이탈리아,밀라노,2025-07-09,2025-07-09,1,48979,콘서트
Firenze Rocks,이탈리아,피렌체,2025-06-12,2025-06-15,4,500000,축제
MIDA - La Mostra Internazionale dell'Artigianato,이탈리아,피렌체,2025-04-25,2025-05-01,7,140000,엑스포
Firenze Rocks at Arena Visarno,이탈리아,피렌체,2025-06-13,2025-06-13,1,60000,축제
Firenze Rocks at Arena Visarno,이탈리아,피렌체,2025-06-12,2025-06-12,1,60000,축제
International Motorcycle Fair Motopassion,세르비아,베오그라드,2025-03-20,2025-03-26,7,132525,엑스포
King's Day Amsterdam,네덜란드,암스테르담,2025-04-26,2025-04-26,1,700000,축제
Amsterdam Gay Pride,네덜란드,암스테르담,2025-07-26,2025-08-03,9,500000,축제
Kwaku Summer Festival,네덜란드,암스테르담,2025-07-11,2025-08-03,24,300000,축제
Huishoudbeurs,네덜란드,암스테르담,2025-02-22,2025-03-01,8,200000,엑스포
Kingsland Festival,네덜란드,암스테르담,2025-04-26,2025-04-26,1,125000,축제
Soccerex Europe,네덜란드,암스테르담,2025-05-20,2025-05-21,2,71000,엑스포
Eredivisie - Sparta Rotterdam vs Ajax,네덜란드,암스테르담,2025-04-27,2025-04-27,1,54676,스포츠
Eredivisie - NEC vs Ajax,네덜란드,암스테르담,2025-05-11,2025-05-11,1,54535,스포츠
Eredivisie - AZ vs Ajax,네덜란드,암스테르담,2025-03-16,2025-03-16,1,54215,스포츠
Robbie Williams and Davina Michelle,네덜란드,암스테르담,2025-06-23,2025-06-23,1,54047,콘서트
Robbie Williams and Davina Michelle,네덜란드,암스테르담,2025-06-22,2025-06-22,1,54028,콘서트
Eredivisie - Twente vs Ajax,네덜란드,암스테르담,2025-05-18,2025-05-18,1,53609,스포츠
Eredivisie - NAC Breda vs Ajax,네덜란드,암스테르담,2025-04-06,2025-04-06,1,53420,스포츠
UEFA Europa League - 8th Finals - Eintracht Frankfurt vs Ajax,네덜란드,암스테르담,2025-03-06,2025-03-06,1,52641,스포츠
Imagine Dragons and Declan McKenna,네덜란드,암스테르담,2025-07-09,2025-07-09,1,50413,콘서트
KLM Open,네덜란드,암스테르담,2025-06-05,2025-06-08,4,50000,스포츠
Kendrick Lamar and SZA,네덜란드,암스테르담,2025-07-13,2025-07-13,1,47952,콘서트
Oslo Pride,노르웨이,오슬로,2025-06-20,2025-06-28,9,240000,축제
Tons of Rock,노르웨이,오슬로,2025-06-25,2025-06-28,4,150000,축제
Nor-Shipping,노르웨이,오슬로,2025-06-02,2025-06-06,5,51948,엑스포
Copenhagen Pride,덴마크,코펜하겐,2025-08-09,2025-08-17,9,280000,축제
Copenhagen Jazz Festival,덴마크,코펜하겐,2025-07-04,2025-07-13,10,250000,축제
Copenhagen Marathon,덴마크,코펜하겐,2025-05-11,2025-05-11,1,110000,스포츠
Copenhell,덴마크,코펜하겐,2025-06-18,2025-06-21,4,100000,축제
Copenhagen Carnival,덴마크,코펜하겐,2025-06-06,2025-06-08,3,100000,축제
Distortion,덴마크,코펜하겐,2025-06-04,2025-06-08,5,100000,축제
Copenhagen Cooking & Food Festival,덴마크,코펜하겐,2025-08-15,2025-08-24,10,80000,축제
Bolig Mad Design,덴마크,코펜하겐,2025-03-20,2025-03-23,4,60000,엑스포
Stockholm Pride,스웨덴,스톡홀름,2025-07-28,2025-08-02,6,600000,축제
A Taste of Stockholm,스웨덴,스톡홀름,2025-06-03,2025-06-03,1,350000,축제
Midnattsloppet Stockholm,스웨덴,스톡홀름,2025-08-16,2025-08-16,1,49999,스포츠
Brussels Pride,벨기에,브뤼셀,2025-05-17,2025-05-17,1,250000,축제
Brussels Jazz Weekend,벨기에,브뤼셀,2025-05-23,2025-05-25,3,200000,축제
Bryssel 20K,벨기에,브뤼셀,2025-05-25,2025-05-25,1,150000,스포츠
Donauinselfest,오스트리아,비엔나,2025-06-20,2025-06-22,3,2700000,축제
Vienna City Marathon,오스트리아,비엔나,2025-04-06,2025-04-06,1,400000,스포츠
Iron Maiden,오스트리아,비엔나,2025-07-17,2025-07-17,1,68500,축제
Guns N' Roses,오스트리아,비엔나,2025-07-24,2025-07-24,1,57938,콘서트
Robbie Williams and The Lottery Winners,오스트리아,비엔나,2025-07-12,2025-07-12,1,49728,콘서트
UEFA World Cup Qualifiers - Group Stage - Romania vs Austria,오스트리아,비엔나,2025-06-07,2025-06-07,1,49537,스포츠
Seiler und Speer,오스트리아,비엔나,2025-07-19,2025-07-19,1,48564,콘서트
UEFA Nations League - Play-offs A/B - Serbia vs Austria,오스트리아,비엔나,2025-03-20,2025-03-20,1,46400,스포츠
Group of Experts on Consumer Price Indices,스위스,제네바,2025-04-28,2025-04-30,3,50000,엑스포
St Patrick’s Festival,아일랜드,더블린,2025-03-14,2025-03-17,4,400000,축제
Bord Bia Bloom,아일랜드,더블린,2025-05-29,2025-06-02,5,100000,엑스포
Oasis at Croke Park Stadium,아일랜드,더블린,2025-08-17,2025-08-17,1,82300,콘서트
Oasis at Croke Park Stadium,아일랜드,더블린,2025-08-16,2025-08-16,1,82300,콘서트
Leinster SHC Final- Kilkenny V Galway & McDonagh Cup - Kildare V Laois,아일랜드,더블린,2025-06-08,2025-06-08,1,82300,스포츠
GAA SFC & Tailteann Cup Dublin v Armagh & Fermanagh v Wexford,아일랜드,더블린,2025-06-01,2025-06-01,1,82300,스포츠
Meath V Louth - Leinster Gaa SFC Final & Leinster Lgfa Final,아일랜드,더블린,2025-05-11,2025-05-11,1,82300,스포츠
LGFA League Finals 2025,아일랜드,더블린,2025-04-12,2025-04-12,1,82300,스포츠
Allianz Football League Division 1 & 3 Finals,아일랜드,더블린,2025-03-30,2025-03-30,1,82300,스포츠
Allianz Football League Division 2 & 4 Finals,아일랜드,더블린,2025-03-29,2025-03-29,1,82300,스포츠
Dublin V Galway - Allianz Football League Roinn 1 Round 6,아일랜드,더블린,2025-03-15,2025-03-15,1,82300,스포츠
Lansdowne vs Terenure College,아일랜드,더블린,2025-03-22,2025-03-22,1,65000,스포츠
Leinster vs Northampton Saints,아일랜드,더블린,2025-05-03,2025-05-03,1,54257,스포츠
Ireland vs France,아일랜드,더블린,2025-03-08,2025-03-08,1,51700,스포츠
Leinster vs Glasgow Warriors,아일랜드,더블린,2025-04-11,2025-04-11,1,50782,스포츠
AC/DC - Power Up Tour 2025,체코,프라하,2025-06-26,2025-06-26,1,80000,콘서트
AC/DC and The Pretty Reckless,체코,프라하,2025-06-26,2025-06-26,1,80000,콘서트
Post Malone,체코,프라하,2025-08-12,2025-08-12,1,56547,콘서트
Imagine Dragons and Declan McKenna,체코,프라하,2025-06-11,2025-06-11,1,56320,콘서트
Imagine Dragons and Declan McKenna,체코,프라하,2025-06-09,2025-06-09,1,56320,콘서트
Iron Maiden and Halestorm,체코,프라하,2025-05-31,2025-05-31,1,54226,콘서트
Smart Systems Integration Conference and Exhibition,체코,프라하,2025-04-08,2025-04-10,3,50000,엑스포
Holiday World,체코,프라하,2025-03-14,2025-03-16,3,50000,엑스포
Festival of Folk Arts,헝가리,부다페스트,2025-08-17,2025-08-20,4,70000,축제
CONSTRUMA,헝가리,부다페스트,2025-04-09,2025-04-13,5,60000,엑스포
UEFA Nations League - Play-offs A/B - Türkiye vs Hungary,헝가리,부다페스트,2025-03-23,2025-03-23,1,57861,스포츠
Guns N Roses at Puskás Aréna,헝가리,부다페스트,2025-07-15,2025-07-15,1,56942,콘서트
Imagine Dragons and Declan McKenna,헝가리,부다페스트,2025-06-14,2025-06-14,1,46719,콘서트
Los Angeles Marathon,미국,로스엔젤레스,2025-03-16,2025-03-16,1,524000,스포츠
AX 2025 - Anime Expo,미국,로스엔젤레스,2025-07-03,2025-07-06,4,392000,엑스포
LA Pride,미국,로스엔젤레스,2025-06-08,2025-06-08,1,200000,축제
LA Times Festival of Books,미국,로스엔젤레스,2025-04-26,2025-04-27,2,155000,축제
KCON LA,미국,로스엔젤레스,2025-08-01,2025-08-03,3,125000,엑스포
Venice Summer Fest,미국,로스엔젤레스,2025-06-21,2025-06-21,1,100000,축제
WeHo Pride Parade,미국,로스엔젤레스,2025-06-01,2025-06-01,1,100000,축제
Venice Love Fest,미국,로스엔젤레스,2025-03-22,2025-03-22,1,100000,축제
Depresión Sonora @ Brookside Golf Club in Pasadena,미국,로스엔젤레스,2025-05-17,2025-05-17,1,70000,스포츠
Garbage @ Brookside Golf Club in Pasadena,미국,로스엔젤레스,2025-05-17,2025-05-17,1,70000,스포츠
Provoker @ Brookside Golf Club in Pasadena,미국,로스엔젤레스,2025-05-17,2025-05-17,1,70000,스포츠
"California State University, Northridge - Spring Graduation",미국,로스엔젤레스,2025-05-16,2025-05-19,4,69762,학생
SoCal Cup: The Showcase,미국,로스엔젤레스,2025-06-13,2025-06-15,3,65000,스포츠
University of Southern California - Spring Graduation,미국,로스엔젤레스,2025-05-09,2025-05-09,1,60000,학생
Pittsburgh Pirates vs Los Angeles Dodgers,미국,로스엔젤레스,2025-04-26,2025-04-26,1,54012,스포츠
Chicago Cubs vs Los Angeles Dodgers,미국,로스엔젤레스,2025-04-11,2025-04-11,1,53933,스포츠
Chicago Cubs vs Los Angeles Dodgers,미국,로스엔젤레스,2025-04-12,2025-04-12,1,53887,스포츠
Pittsburgh Pirates vs Los Angeles Dodgers,미국,로스엔젤레스,2025-04-25,2025-04-25,1,53655,스포츠
Detroit Tigers vs Los Angeles Dodgers,미국,로스엔젤레스,2025-03-27,2025-03-27,1,53595,스포츠
Colorado Rockies vs Los Angeles Dodgers,미국,로스엔젤레스,2025-04-15,2025-04-15,1,53198,스포츠
Houston Astros vs Los Angeles Dodgers,미국,로스엔젤레스,2025-07-04,2025-07-04,1,52843,스포츠
Colorado Rockies vs Los Angeles Dodgers,미국,로스엔젤레스,2025-04-14,2025-04-14,1,52693,스포츠
Milwaukee Brewers vs Los Angeles Dodgers,미국,로스엔젤레스,2025-07-18,2025-07-18,1,52334,스포츠
Houston Astros vs Los Angeles Dodgers,미국,로스엔젤레스,2025-07-05,2025-07-05,1,52225,스포츠
Colorado Rockies vs Los Angeles Dodgers,미국,로스엔젤레스,2025-04-16,2025-04-16,1,52143,스포츠
Detroit Tigers vs Los Angeles Dodgers,미국,로스엔젤레스,2025-03-28,2025-03-28,1,52029,스포츠
Los Angeles Angels vs Los Angeles Dodgers,미국,로스엔젤레스,2025-05-18,2025-05-18,1,51997,스포츠
Arizona Diamondbacks vs Los Angeles Dodgers,미국,로스엔젤레스,2025-05-20,2025-05-20,1,51932,스포츠
Milwaukee Brewers vs Los Angeles Dodgers,미국,로스엔젤레스,2025-07-19,2025-07-19,1,51916,스포츠
Detroit Tigers vs Los Angeles Dodgers,미국,로스엔젤레스,2025-03-29,2025-03-29,1,51788,스포츠
Athletics vs Los Angeles Dodgers,미국,로스엔젤레스,2025-05-15,2025-05-15,1,51272,스포츠
Washington Nationals vs Los Angeles Dodgers,미국,로스엔젤레스,2025-06-20,2025-06-20,1,51116,스포츠
Chicago Cubs vs Los Angeles Dodgers,미국,로스엔젤레스,2025-04-13,2025-04-13,1,50899,스포츠
San Francisco Giants vs Los Angeles Dodgers,미국,로스엔젤레스,2025-06-14,2025-06-14,1,50821,스포츠
Atlanta Braves vs Los Angeles Dodgers,미국,로스엔젤레스,2025-03-31,2025-03-31,1,50816,스포츠
Washington Nationals vs Los Angeles Dodgers,미국,로스엔젤레스,2025-06-21,2025-06-21,1,50629,스포츠
Houston Astros vs Los Angeles Dodgers,미국,로스엔젤레스,2025-07-06,2025-07-06,1,50475,스포츠
Atlanta Braves vs Los Angeles Dodgers,미국,로스엔젤레스,2025-04-02,2025-04-02,1,50281,스포츠
New York Yankees vs Los Angeles Dodgers,미국,로스엔젤레스,2025-06-01,2025-06-01,1,50221,스포츠
Atlanta Braves vs Los Angeles Dodgers,미국,로스엔젤레스,2025-04-01,2025-04-01,1,50182,스포츠
Los Angeles Angels vs Los Angeles Dodgers,미국,로스엔젤레스,2025-05-17,2025-05-17,1,50084,스포츠
Athletics vs Los Angeles Dodgers,미국,로스엔젤레스,2025-05-14,2025-05-14,1,50071,스포츠
Gift & Home Market,미국,로스엔젤레스,2025-03-18,2025-03-20,3,50000,엑스포
San Diego Padres vs Los Angeles Dodgers,미국,로스엔젤레스,2025-08-16,2025-08-16,1,49932,스포츠
San Francisco Giants vs Los Angeles Dodgers,미국,로스엔젤레스,2025-06-15,2025-06-15,1,49851,스포츠
Toronto Blue Jays vs Los Angeles Dodgers,미국,로스엔젤레스,2025-08-09,2025-08-09,1,49807,스포츠
Minnesota Twins vs Los Angeles Dodgers,미국,로스엔젤레스,2025-07-22,2025-07-22,1,49570,스포츠
San Francisco Giants vs Los Angeles Dodgers,미국,로스엔젤레스,2025-06-13,2025-06-13,1,49534,스포츠
Pittsburgh Pirates vs Los Angeles Dodgers,미국,로스엔젤레스,2025-04-27,2025-04-27,1,49512,스포츠
Chicago White Sox vs Los Angeles Dodgers,미국,로스엔젤레스,2025-07-03,2025-07-03,1,49498,스포츠
Minnesota Twins vs Los Angeles Dodgers,미국,로스엔젤레스,2025-07-21,2025-07-21,1,49385,스포츠
San Diego Padres vs Los Angeles Dodgers,미국,로스엔젤레스,2025-06-19,2025-06-19,1,49342,스포츠
New York Yankees vs Los Angeles Dodgers,미국,로스엔젤레스,2025-05-31,2025-05-31,1,49332,스포츠
Chicago White Sox vs Los Angeles Dodgers,미국,로스엔젤레스,2025-07-02,2025-07-02,1,49144,스포츠
Chicago White Sox vs Los Angeles Dodgers,미국,로스엔젤레스,2025-07-01,2025-07-01,1,49144,스포츠
Washington Nationals vs Los Angeles Dodgers,미국,로스엔젤레스,2025-06-22,2025-06-22,1,49051,스포츠
New York Yankees vs Los Angeles Dodgers,미국,로스엔젤레스,2025-05-30,2025-05-30,1,48879,스포츠
Milwaukee Brewers vs Los Angeles Dodgers,미국,로스엔젤레스,2025-07-20,2025-07-20,1,48650,스포츠
Minnesota Twins vs Los Angeles Dodgers,미국,로스엔젤레스,2025-07-23,2025-07-23,1,48569,스포츠
Toronto Blue Jays vs Los Angeles Dodgers,미국,로스엔젤레스,2025-08-08,2025-08-08,1,48386,스포츠
Miami Marlins vs Los Angeles Dodgers,미국,로스엔젤레스,2025-04-28,2025-04-28,1,48232,스포츠
San Diego Padres vs Los Angeles Dodgers,미국,로스엔젤레스,2025-08-15,2025-08-15,1,47738,스포츠
St. Louis Cardinals vs Los Angeles Dodgers,미국,로스엔젤레스,2025-08-04,2025-08-04,1,47725,스포츠
New York Mets vs Los Angeles Dodgers,미국,로스엔젤레스,2025-06-04,2025-06-04,1,47328,스포츠
New York Mets vs Los Angeles Dodgers,미국,로스엔젤레스,2025-06-03,2025-06-03,1,47328,스포츠
New York Mets vs Los Angeles Dodgers,미국,로스엔젤레스,2025-06-02,2025-06-02,1,47328,스포츠
San Diego Padres vs Los Angeles Dodgers,미국,로스엔젤레스,2025-08-17,2025-08-17,1,47225,스포츠
San Diego Padres vs Los Angeles Dodgers,미국,로스엔젤레스,2025-06-18,2025-06-18,1,47225,스포츠
San Diego Padres vs Los Angeles Dodgers,미국,로스엔젤레스,2025-06-17,2025-06-17,1,47225,스포츠
San Diego Padres vs Los Angeles Dodgers,미국,로스엔젤레스,2025-06-16,2025-06-16,1,47225,스포츠
Miami Marlins vs Los Angeles Dodgers,미국,로스엔젤레스,2025-04-30,2025-04-30,1,47192,스포츠
St. Louis Cardinals vs Los Angeles Dodgers,미국,로스엔젤레스,2025-08-05,2025-08-05,1,47157,스포츠
KCON,미국,로스엔젤레스,2025-08-03,2025-08-03,1,46666,축제
KCON,미국,로스엔젤레스,2025-08-02,2025-08-02,1,46666,축제
Toronto Blue Jays vs Los Angeles Dodgers,미국,로스엔젤레스,2025-08-10,2025-08-10,1,46573,스포츠
Miami Marlins vs Los Angeles Dodgers,미국,로스엔젤레스,2025-04-29,2025-04-29,1,46502,스포츠
St. Louis Cardinals vs Los Angeles Dodgers,미국,로스엔젤레스,2025-08-06,2025-08-06,1,46332,스포츠
Los Angeles Angels vs Los Angeles Dodgers,미국,로스엔젤레스,2025-05-16,2025-05-16,1,46273,스포츠
San Francisco Pride Parade,미국,샌프란시스코,2025-06-29,2025-06-29,1,1000000,축제
San Francisco Pride,미국,샌프란시스코,2025-06-28,2025-06-29,2,1000000,축제
Carnaval San Francisco,미국,샌프란시스코,2025-05-24,2025-05-25,2,400000,축제
Outside Lands Festival,미국,샌프란시스코,2025-08-08,2025-08-10,3,225000,축제
Northern California Cherry Blossom Festival - 2nd Weekend,미국,샌프란시스코,2025-04-19,2025-04-20,2,110000,축제
Northern California Cherry Blossom Festival - 1st Weekend,미국,샌프란시스코,2025-04-12,2025-04-13,2,110000,축제
Fillmore Jazz Festival,미국,샌프란시스코,2025-07-05,2025-07-06,2,100000,축제
Union Street Festival,미국,샌프란시스코,2025-05-31,2025-06-01,2,100000,축제
Bay to Breakers,미국,샌프란시스코,2025-05-18,2025-05-18,1,100000,스포츠
St. Patrick’s Day Festival,미국,샌프란시스코,2025-03-15,2025-03-15,1,100000,축제
Stern Grove Festival,미국,샌프란시스코,2025-06-15,2025-08-17,64,90000,축제
San Francisco Marathon,미국,샌프란시스코,2025-07-26,2025-07-27,2,80000,스포츠
Frameline,미국,샌프란시스코,2025-06-18,2025-06-28,11,60000,축제
SDV - Software Defined Vehicle USA,미국,샌프란시스코,2025-06-25,2025-06-27,3,50000,엑스포
The North Beach Festival,미국,샌프란시스코,2025-06-14,2025-06-15,2,50000,축제
Central Florida Fair,미국,올란도,2025-02-27,2025-03-09,11,200000,축제
Arnold Palmer Invitational,미국,올란도,2025-03-03,2025-03-09,7,110000,스포츠
"Rock, Mineral, Gem, Jewelry & Fossil Show",미국,올란도,2025-04-26,2025-04-27,2,100000,엑스포
Spring Fiesta in the Park,미국,올란도,2025-04-05,2025-04-06,2,100000,축제
Orlando Fringe Theatre Festival,미국,올란도,2025-05-13,2025-05-26,14,75000,축제
Orlando All Pro Dad Experience,미국,올란도,2025-03-29,2025-03-29,1,60219,스포츠
Monster Jam,미국,올란도,2025-08-02,2025-08-02,1,50000,스포츠
CAI Conference & Exposition,미국,올란도,2025-05-07,2025-05-10,4,50000,엑스포
Monster Jam,미국,올란도,2025-03-01,2025-03-01,1,50000,스포츠
Chicago Air and Water Show,미국,시카고,2025-08-16,2025-08-17,2,2000000,축제
The Bud Billiken Parade,미국,시카고,2025-08-09,2025-08-09,1,1000000,축제
Fiesta Del Sol,미국,시카고,2025-07-31,2025-08-03,4,1000000,축제
Chicago Pride Parade,미국,시카고,2025-06-29,2025-06-29,1,1000000,축제
Chicago St. Patrick’s Day Parade,미국,시카고,2025-03-15,2025-03-15,1,450000,축제
Lollapalooza Chicago,미국,시카고,2025-07-31,2025-08-03,4,400000,축제
Grant Park Music Festival,미국,시카고,2025-06-11,2025-08-16,67,300000,축제
Chicago Blues Festival,미국,시카고,2025-06-05,2025-06-08,4,160000,축제
Sueños Music Festival,미국,시카고,2025-05-24,2025-05-25,2,130000,축제
Northalsted Market Days,미국,시카고,2025-08-09,2025-08-10,2,100000,축제
2025 NASCAR Chicago Street Race Weekend,미국,시카고,2025-07-05,2025-07-06,2,100000,지역 사회
C2E2 2025 - Chicago Comic & Entertainment Expo,미국,시카고,2025-04-11,2025-04-13,3,95000,엑스포
NRA Show,미국,시카고,2025-05-17,2025-05-20,4,80000,엑스포
Taste of Randolph Street,미국,시카고,2025-06-13,2025-06-15,3,75000,축제
Wicker Park Fest,미국,시카고,2025-07-25,2025-07-27,3,70000,축제
Windy City Smokeout,미국,시카고,2025-07-10,2025-07-13,4,65000,축제
MLS - Inter Miami vs Chicago Fire,미국,시카고,2025-04-13,2025-04-13,1,62358,스포츠
Preseason: Miami Dolphins vs Chicago Bears,미국,시카고,2025-08-10,2025-08-10,1,61500,스포츠
The Weeknd with Playboi Carti And Mike Dean,미국,시카고,2025-05-31,2025-05-31,1,61500,콘서트
The Weeknd with Playboi Carti And Mike Dean,미국,시카고,2025-05-30,2025-05-30,1,61500,콘서트
AC/DC with The Pretty Reckless,미국,시카고,2025-05-24,2025-05-24,1,61500,콘서트
Beyonce,미국,시카고,2025-05-18,2025-05-18,1,61500,콘서트
Beyonce,미국,시카고,2025-05-17,2025-05-17,1,61500,콘서트
Beyonce,미국,시카고,2025-05-15,2025-05-15,1,61500,콘서트
Miami Dolphins vs Chicago Bears,미국,시카고,2025-08-09,2025-08-09,1,60537,스포츠
Buffalo Bills vs Chicago Bears,미국,시카고,2025-08-17,2025-08-17,1,60002,스포츠
Taste of Lincoln Avenue,미국,시카고,2025-07-25,2025-07-26,2,60000,축제
Chicago Pride Fest,미국,시카고,2025-06-21,2025-06-22,2,60000,축제
Do-Division Street Fest,미국,시카고,2025-05-30,2025-06-01,3,60000,축제
The Inspired Home Show®,미국,시카고,2025-03-02,2025-03-04,3,60000,엑스포
Taylor Street Festa Italiana,미국,시카고,2025-08-14,2025-08-17,4,50000,축제
Wells Street Art Festival,미국,시카고,2025-06-14,2025-06-15,2,50000,축제
Andersonville Midsommarfest,미국,시카고,2025-06-13,2025-06-15,3,50000,축제
NeoCon,미국,시카고,2025-06-09,2025-06-11,3,50000,엑스포
Ribfest Chicago,미국,시카고,2025-06-06,2025-06-08,3,50000,축제
ProMat,미국,시카고,2025-03-17,2025-03-20,4,50000,엑스포
Pride Toronto,캐나다,토론토,2025-06-01,2025-06-30,30,3000000,축제
Pride Toronto Street Fair,캐나다,토론토,2025-06-27,2025-06-29,3,1500000,축제
Contact Photography Festival,캐나다,토론토,2025-05-01,2025-05-31,31,650000,엑스포
National Bank Open - Men's,캐나다,토론토,2025-07-26,2025-08-07,13,219000,스포츠
Doors Open Toronto,캐나다,토론토,2025-05-24,2025-05-25,2,200000,엑스포
Toronto Outdoor Art Fair,캐나다,토론토,2025-07-11,2025-07-13,3,170000,축제
Toronto International Dragon Boat Race Festival,캐나다,토론토,2025-06-14,2025-06-15,2,125000,축제
Veld Music Festival,캐나다,토론토,2025-08-01,2025-08-03,3,100000,축제
Afrofest,캐나다,토론토,2025-07-04,2025-07-06,3,100000,축제
Yorkville Exotic Car Show,캐나다,토론토,2025-06-15,2025-06-15,1,100000,엑스포
One of a Kind Spring Show,캐나다,토론토,2025-03-26,2025-03-30,5,100000,축제
National Home Show,캐나다,토론토,2025-03-07,2025-03-16,10,100000,엑스포
The Weeknd with Playboi Carti And Mike Dean,캐나다,토론토,2025-08-08,2025-08-08,1,55000,콘서트
The Weeknd with Playboi Carti And Mike Dean,캐나다,토론토,2025-08-07,2025-08-07,1,55000,콘서트
The Weeknd with Playboi Carti And Mike Dean,캐나다,토론토,2025-07-28,2025-07-28,1,55000,콘서트
The Weeknd with Playboi Carti And Mike Dean,캐나다,토론토,2025-07-27,2025-07-27,1,55000,콘서트
Coldplay at Rogers Centre,캐나다,토론토,2025-07-12,2025-07-12,1,55000,콘서트
Coldplay at Rogers Centre,캐나다,토론토,2025-07-11,2025-07-11,1,55000,콘서트
Coldplay: Music Of The Spheres World Tour - delivered by DHL,캐나다,토론토,2025-07-08,2025-07-08,1,55000,콘서트
Coldplay at Rogers Centre,캐나다,토론토,2025-07-07,2025-07-07,1,55000,콘서트
Metallica with Limp Bizkit and Ice Nine Kills,캐나다,토론토,2025-04-26,2025-04-26,1,55000,콘서트
Metallica with Pantera and Suicidal Tendencies,캐나다,토론토,2025-04-24,2025-04-24,1,55000,콘서트
Billy Joel,캐나다,토론토,2025-03-15,2025-03-15,1,55000,콘서트
WWE Elimination Chamber: Toronto,캐나다,토론토,2025-03-01,2025-03-01,1,55000,스포츠
Toronto Food Truck Festival,캐나다,토론토,2025-08-01,2025-08-04,4,50000,엑스포
IndyCar Series - Ontario Honda Dealers Indy Toronto,캐나다,토론토,2025-07-18,2025-07-20,3,50000,스포츠
Summerlicious,캐나다,토론토,2025-07-05,2025-07-20,16,50000,축제
TORONTO VINTAGE SHOW,캐나다,토론토,2025-04-05,2025-04-06,2,50000,엑스포
Montreal International Jazz Festival,캐나다,몬트리올,2025-06-26,2025-07-05,10,2000000,축제
Les Francos De Montréal,캐나다,몬트리올,2025-06-13,2025-06-21,9,1000000,축제
The Mural Festival,캐나다,몬트리올,2025-06-05,2025-06-15,11,1000000,축제
Crescent Street Grand Prix Festival,캐나다,몬트리올,2025-06-12,2025-06-15,4,500000,축제
Festival Art Souterrain,캐나다,몬트리올,2025-03-15,2025-04-06,23,500000,축제
Festival Fierté Montréal,캐나다,몬트리올,2025-07-31,2025-08-10,11,410000,축제
Osheaga Festival,캐나다,몬트리올,2025-08-01,2025-08-03,3,155000,축제
Fantasia Festival,캐나다,몬트리올,2025-07-17,2025-08-03,18,100000,축제
Rendez-vous Quebec Cinema,캐나다,몬트리올,2025-02-19,2025-02-27,9,65000,축제
Ilesoniq - Saturday,캐나다,몬트리올,2025-08-09,2025-08-09,1,64998,축제
îLESONIQ,캐나다,몬트리올,2025-08-09,2025-08-10,2,64998,축제
Osheaga 2025 - Dimanche,캐나다,몬트리올,2025-08-03,2025-08-03,1,64998,축제
Osheaga 2025 - Samedi,캐나다,몬트리올,2025-08-02,2025-08-02,1,64998,축제
Osheaga 2025 - Vendredi,캐나다,몬트리올,2025-08-01,2025-08-01,1,64998,축제
The Weeknd with Playboi Carti And Mike Dean,캐나다,몬트리올,2025-07-25,2025-07-25,1,64998,콘서트
Mondial de la Biere,캐나다,몬트리올,2025-06-20,2025-06-22,3,60000,축제
St-Ambroise Fringe Festival,캐나다,몬트리올,2025-05-26,2025-06-15,21,60000,축제
Lasso Montreal Festival,캐나다,몬트리올,2025-08-16,2025-08-16,1,50000,축제
Lasso Music Festival,캐나다,몬트리올,2025-08-15,2025-08-16,2,50000,축제
Mexico City Gay Parade,멕시코,멕시코시티,2025-06-28,2025-06-28,1,250000,축제
Don Omar,멕시코,멕시코시티,2025-03-22,2025-03-22,1,57092,콘서트
Don Omar,멕시코,멕시코시티,2025-03-21,2025-03-21,1,57092,콘서트
"Tool, The Cult, and Seven Hours After Violet",멕시코,멕시코시티,2025-03-15,2025-03-15,1,52266,콘서트
iFX Expo,멕시코,멕시코시티,2025-04-09,2025-04-10,2,50000,엑스포
Rio Carnival - Champion's Parade,브라질,리우데자네이루,2025-03-08,2025-03-08,1,200000,축제
Serie A - Mirassol vs Botafogo,브라질,리우데자네이루,2025-06-11,2025-06-11,1,70000,스포츠
Super Rio Expofood,브라질,리우데자네이루,2025-03-18,2025-03-20,3,68000,엑스포
System of a Down,브라질,리우데자네이루,2025-05-08,2025-05-08,1,51741,콘서트
Rio Gastonomia,브라질,리우데자네이루,2025-08-15,2025-08-15,1,50000,축제
Festa do Peão de Americana,브라질,상파울루,2025-06-06,2025-06-15,10,250000,축제
Camarote Essepê,브라질,상파울루,2025-02-28,2025-03-08,9,103200,축제
Expo Entrepreneur,브라질,상파울루,2025-07-25,2025-07-26,2,100000,엑스포
HAIR BRASIL,브라질,상파울루,2025-07-19,2025-07-21,3,90000,엑스포
Haus Decor Show,브라질,상파울루,2025-03-11,2025-03-14,4,70000,엑스포
Aesthetics,브라질,상파울루,2025-07-31,2025-08-03,4,50000,엑스포
Armageddon Expo Auckland,뉴질랜드,오클랜드,2025-05-31,2025-06-02,3,60000,엑스포
Western Springs Speedway: Legends Night,뉴질랜드,오클랜드,2025-03-22,2025-03-22,1,50000,스포츠
New Zealand vs Pakistan,뉴질랜드,오클랜드,2025-03-21,2025-03-21,1,50000,스포츠
New Zealand vs Australia,뉴질랜드,오클랜드,2025-03-21,2025-03-21,1,50000,스포츠
Western Springs Speedway: 50 Lap Sprintcar Classic,뉴질랜드,오클랜드,2025-03-01,2025-03-01,1,50000,스포츠
Vivid Sydney,호주,시드니,2025-05-23,2025-06-14,23,3280000,축제
Sydney Royal Easter Show,호주,시드니,2025-04-11,2025-04-22,12,900000,엑스포
Sydney Gay and Lesbian Mardi Gras,호주,시드니,2025-02-14,2025-03-02,17,500000,축제
Sydney Comedy Festival,호주,시드니,2025-04-21,2025-05-18,28,120000,축제
City2Surf,호주,시드니,2025-08-10,2025-08-10,1,100000,스포츠
New South Wales vs Queensland Maroons,호주,시드니,2025-07-09,2025-07-09,1,50005,스포츠
Australian Grand Prix,호주,멜버른,2025-03-13,2025-03-16,4,452055,스포츠
Formula 1 2025 - Australian Grand Prix 2025 - Race,호주,멜버른,2025-03-16,2025-03-16,1,130000,스포츠
Brabham Stand (Sun) - F1 LOUIS VUITTON AUS GP 25,호주,멜버른,2025-03-16,2025-03-16,1,80000,스포츠
Formula 1 2025 - Australian Grand Prix 2025 - Practice 3,호주,멜버른,2025-03-15,2025-03-15,1,80000,스포츠
Formula 1 2025 - Australian Grand Prix 2025 - Practice 1,호주,멜버른,2025-03-14,2025-03-14,1,80000,스포츠
